-- phpMyAdmin SQL Dump
-- version 5.2.0
-- https://www.phpmyadmin.net/
--
-- Host: localhost:3306
-- Generation Time: Jun 08, 2025 at 07:56 AM
-- Server version: 8.0.30
-- PHP Version: 8.1.10

SET SQL_MODE = "NO_AUTO_VALUE_ON_ZERO";
START TRANSACTION;
SET time_zone = "+00:00";


/*!40101 SET @OLD_CHARACTER_SET_CLIENT=@@CHARACTER_SET_CLIENT */;
/*!40101 SET @OLD_CHARACTER_SET_RESULTS=@@CHARACTER_SET_RESULTS */;
/*!40101 SET @OLD_COLLATION_CONNECTION=@@COLLATION_CONNECTION */;
/*!40101 SET NAMES utf8mb4 */;

--
-- Database: `db_gmm`
--

-- --------------------------------------------------------

--
-- Table structure for table `cluster_perkebunan`
--

CREATE TABLE `cluster_perkebunan` (
  `id_cluster` int NOT NULL,
  `id_desa` int NOT NULL,
  `nama_cluster` varchar(50) COLLATE utf8mb3_swedish_ci NOT NULL,
  `deskripsi` text COLLATE utf8mb3_swedish_ci
) ENGINE=InnoDB DEFAULT CHARSET=utf8mb3 COLLATE=utf8mb3_swedish_ci;

--
-- Dumping data for table `cluster_perkebunan`
--

INSERT INTO `cluster_perkebunan` (`id_cluster`, `id_desa`, `nama_cluster`, `deskripsi`) VALUES
(2542, 1, 'Cluster 4', 'Produksi rata-rata: 31.05 Ton'),
(2543, 2, 'Cluster 4', 'Produksi rata-rata: 31.05 Ton'),
(2544, 3, 'Cluster 4', 'Produksi rata-rata: 31.05 Ton'),
(2545, 4, 'Cluster 4', 'Produksi rata-rata: 31.05 Ton'),
(2546, 5, 'Cluster 4', 'Produksi rata-rata: 31.05 Ton'),
(2547, 6, 'Cluster 4', 'Produksi rata-rata: 31.05 Ton'),
(2548, 7, 'Cluster 4', 'Produksi rata-rata: 31.05 Ton'),
(2549, 8, 'Cluster 4', 'Produksi rata-rata: 31.05 Ton'),
(2550, 9, 'Cluster 4', 'Produksi rata-rata: 31.05 Ton'),
(2551, 10, 'Cluster 4', 'Produksi rata-rata: 31.05 Ton'),
(2552, 11, 'Cluster 4', 'Produksi rata-rata: 31.05 Ton'),
(2553, 12, 'Cluster 4', 'Produksi rata-rata: 31.05 Ton'),
(2554, 13, 'Cluster 4', 'Produksi rata-rata: 31.05 Ton'),
(2555, 14, 'Cluster 4', 'Produksi rata-rata: 31.05 Ton'),
(2556, 15, 'Cluster 4', 'Produksi rata-rata: 31.05 Ton'),
(2557, 16, 'Cluster 4', 'Produksi rata-rata: 31.05 Ton'),
(2558, 17, 'Cluster 4', 'Produksi rata-rata: 31.05 Ton'),
(2559, 18, 'Cluster 4', 'Produksi rata-rata: 31.05 Ton'),
(2560, 19, 'Cluster 4', 'Produksi rata-rata: 31.05 Ton'),
(2561, 20, 'Cluster 4', 'Produksi rata-rata: 31.05 Ton'),
(2562, 21, 'Cluster 4', 'Produksi rata-rata: 31.05 Ton'),
(2563, 22, 'Cluster 4', 'Produksi rata-rata: 31.05 Ton'),
(2564, 23, 'Cluster 6', 'Produksi rata-rata: 34.60 Ton'),
(2565, 24, 'Cluster 4', 'Produksi rata-rata: 31.05 Ton'),
(2566, 25, 'Cluster 4', 'Produksi rata-rata: 31.05 Ton'),
(2567, 26, 'Cluster 4', 'Produksi rata-rata: 31.05 Ton'),
(2568, 27, 'Cluster 4', 'Produksi rata-rata: 31.05 Ton'),
(2569, 28, 'Cluster 4', 'Produksi rata-rata: 31.05 Ton'),
(2570, 29, 'Produksi Menengah', 'Luas TBM rata-rata: 17.85 Ha, Luas TM rata-rata: 18.26 Ha, Luas TTM rata-rata: 2.65 Ha, Produksi rata-rata: 16.52 Ton, Jumlah petani: ±31 KK'),
(2571, 30, 'Produksi Menengah', 'Luas TBM rata-rata: 17.85 Ha, Luas TM rata-rata: 18.26 Ha, Luas TTM rata-rata: 2.65 Ha, Produksi rata-rata: 16.52 Ton, Jumlah petani: ±31 KK'),
(2572, 31, 'Produksi Menengah', 'Luas TBM rata-rata: 17.85 Ha, Luas TM rata-rata: 18.26 Ha, Luas TTM rata-rata: 2.65 Ha, Produksi rata-rata: 16.52 Ton, Jumlah petani: ±31 KK'),
(2573, 32, 'Produksi Menengah', 'Luas TBM rata-rata: 17.85 Ha, Luas TM rata-rata: 18.26 Ha, Luas TTM rata-rata: 2.65 Ha, Produksi rata-rata: 16.52 Ton, Jumlah petani: ±31 KK'),
(2574, 33, 'Produksi Menengah', 'Luas TBM rata-rata: 17.85 Ha, Luas TM rata-rata: 18.26 Ha, Luas TTM rata-rata: 2.65 Ha, Produksi rata-rata: 16.52 Ton, Jumlah petani: ±31 KK'),
(2575, 34, 'Produksi Menengah', 'Luas TBM rata-rata: 17.85 Ha, Luas TM rata-rata: 18.26 Ha, Luas TTM rata-rata: 2.65 Ha, Produksi rata-rata: 16.52 Ton, Jumlah petani: ±31 KK'),
(2576, 35, 'Produksi Menengah', 'Luas TBM rata-rata: 17.85 Ha, Luas TM rata-rata: 18.26 Ha, Luas TTM rata-rata: 2.65 Ha, Produksi rata-rata: 16.52 Ton, Jumlah petani: ±31 KK'),
(2577, 36, 'Produksi Menengah', 'Luas TBM rata-rata: 17.85 Ha, Luas TM rata-rata: 18.26 Ha, Luas TTM rata-rata: 2.65 Ha, Produksi rata-rata: 16.52 Ton, Jumlah petani: ±31 KK'),
(2578, 37, 'Produksi Menengah', 'Luas TBM rata-rata: 17.85 Ha, Luas TM rata-rata: 18.26 Ha, Luas TTM rata-rata: 2.65 Ha, Produksi rata-rata: 16.52 Ton, Jumlah petani: ±31 KK'),
(2579, 38, 'Produksi Menengah', 'Luas TBM rata-rata: 17.85 Ha, Luas TM rata-rata: 18.26 Ha, Luas TTM rata-rata: 2.65 Ha, Produksi rata-rata: 16.52 Ton, Jumlah petani: ±31 KK'),
(2580, 39, 'Produksi Menengah', 'Luas TBM rata-rata: 17.85 Ha, Luas TM rata-rata: 18.26 Ha, Luas TTM rata-rata: 2.65 Ha, Produksi rata-rata: 16.52 Ton, Jumlah petani: ±31 KK'),
(2581, 40, 'Produksi Menengah', 'Luas TBM rata-rata: 17.85 Ha, Luas TM rata-rata: 18.26 Ha, Luas TTM rata-rata: 2.65 Ha, Produksi rata-rata: 16.52 Ton, Jumlah petani: ±31 KK'),
(2582, 41, 'Produksi Menengah', 'Luas TBM rata-rata: 17.85 Ha, Luas TM rata-rata: 18.26 Ha, Luas TTM rata-rata: 2.65 Ha, Produksi rata-rata: 16.52 Ton, Jumlah petani: ±31 KK'),
(2583, 42, 'Produksi Menengah', 'Luas TBM rata-rata: 17.85 Ha, Luas TM rata-rata: 18.26 Ha, Luas TTM rata-rata: 2.65 Ha, Produksi rata-rata: 16.52 Ton, Jumlah petani: ±31 KK'),
(2584, 43, 'Produksi Menengah', 'Luas TBM rata-rata: 17.85 Ha, Luas TM rata-rata: 18.26 Ha, Luas TTM rata-rata: 2.65 Ha, Produksi rata-rata: 16.52 Ton, Jumlah petani: ±31 KK'),
(2585, 44, 'Produksi Menengah', 'Luas TBM rata-rata: 17.85 Ha, Luas TM rata-rata: 18.26 Ha, Luas TTM rata-rata: 2.65 Ha, Produksi rata-rata: 16.52 Ton, Jumlah petani: ±31 KK'),
(2586, 45, 'Produksi Menengah', 'Luas TBM rata-rata: 17.85 Ha, Luas TM rata-rata: 18.26 Ha, Luas TTM rata-rata: 2.65 Ha, Produksi rata-rata: 16.52 Ton, Jumlah petani: ±31 KK'),
(2587, 46, 'Produksi Menengah', 'Luas TBM rata-rata: 17.85 Ha, Luas TM rata-rata: 18.26 Ha, Luas TTM rata-rata: 2.65 Ha, Produksi rata-rata: 16.52 Ton, Jumlah petani: ±31 KK'),
(2588, 47, 'Produksi Menengah', 'Luas TBM rata-rata: 17.85 Ha, Luas TM rata-rata: 18.26 Ha, Luas TTM rata-rata: 2.65 Ha, Produksi rata-rata: 16.52 Ton, Jumlah petani: ±31 KK'),
(2589, 48, 'Produksi Menengah', 'Luas TBM rata-rata: 17.85 Ha, Luas TM rata-rata: 18.26 Ha, Luas TTM rata-rata: 2.65 Ha, Produksi rata-rata: 16.52 Ton, Jumlah petani: ±31 KK'),
(2590, 49, 'Produksi Menengah', 'Luas TBM rata-rata: 17.85 Ha, Luas TM rata-rata: 18.26 Ha, Luas TTM rata-rata: 2.65 Ha, Produksi rata-rata: 16.52 Ton, Jumlah petani: ±31 KK'),
(2591, 50, 'Produksi Menengah', 'Luas TBM rata-rata: 17.85 Ha, Luas TM rata-rata: 18.26 Ha, Luas TTM rata-rata: 2.65 Ha, Produksi rata-rata: 16.52 Ton, Jumlah petani: ±31 KK'),
(2592, 51, 'Produksi Menengah', 'Luas TBM rata-rata: 17.85 Ha, Luas TM rata-rata: 18.26 Ha, Luas TTM rata-rata: 2.65 Ha, Produksi rata-rata: 16.52 Ton, Jumlah petani: ±31 KK'),
(2593, 52, 'Produksi Menengah', 'Luas TBM rata-rata: 17.85 Ha, Luas TM rata-rata: 18.26 Ha, Luas TTM rata-rata: 2.65 Ha, Produksi rata-rata: 16.52 Ton, Jumlah petani: ±31 KK'),
(2594, 53, 'Produksi Menengah', 'Luas TBM rata-rata: 17.85 Ha, Luas TM rata-rata: 18.26 Ha, Luas TTM rata-rata: 2.65 Ha, Produksi rata-rata: 16.52 Ton, Jumlah petani: ±31 KK'),
(2595, 54, 'Produksi Menengah', 'Luas TBM rata-rata: 17.85 Ha, Luas TM rata-rata: 18.26 Ha, Luas TTM rata-rata: 2.65 Ha, Produksi rata-rata: 16.52 Ton, Jumlah petani: ±31 KK'),
(2596, 55, 'Produksi Menengah', 'Luas TBM rata-rata: 17.85 Ha, Luas TM rata-rata: 18.26 Ha, Luas TTM rata-rata: 2.65 Ha, Produksi rata-rata: 16.52 Ton, Jumlah petani: ±31 KK'),
(2597, 56, 'Cluster 6', 'Produksi rata-rata: 34.60 Ton'),
(2598, 57, 'Cluster 6', 'Produksi rata-rata: 34.60 Ton'),
(2599, 58, 'Cluster 6', 'Produksi rata-rata: 34.60 Ton'),
(2600, 59, 'Cluster 6', 'Produksi rata-rata: 34.60 Ton'),
(2601, 60, 'Cluster 6', 'Produksi rata-rata: 34.60 Ton'),
(2602, 61, 'Cluster 6', 'Produksi rata-rata: 34.60 Ton'),
(2603, 62, 'Cluster 6', 'Produksi rata-rata: 34.60 Ton'),
(2604, 63, 'Cluster 6', 'Produksi rata-rata: 34.60 Ton'),
(2605, 64, 'Cluster 6', 'Produksi rata-rata: 34.60 Ton'),
(2606, 65, 'Cluster 6', 'Produksi rata-rata: 34.60 Ton'),
(2607, 66, 'Cluster 6', 'Produksi rata-rata: 34.60 Ton'),
(2608, 67, 'Cluster 6', 'Produksi rata-rata: 34.60 Ton'),
(2609, 68, 'Cluster 6', 'Produksi rata-rata: 34.60 Ton'),
(2610, 69, 'Cluster 6', 'Produksi rata-rata: 34.60 Ton'),
(2611, 70, 'Produksi Menengah', 'Luas TBM rata-rata: 17.85 Ha, Luas TM rata-rata: 18.26 Ha, Luas TTM rata-rata: 2.65 Ha, Produksi rata-rata: 16.52 Ton, Jumlah petani: ±31 KK'),
(2612, 71, 'Produksi Menengah', 'Luas TBM rata-rata: 17.85 Ha, Luas TM rata-rata: 18.26 Ha, Luas TTM rata-rata: 2.65 Ha, Produksi rata-rata: 16.52 Ton, Jumlah petani: ±31 KK'),
(2613, 72, 'Produksi Menengah', 'Luas TBM rata-rata: 17.85 Ha, Luas TM rata-rata: 18.26 Ha, Luas TTM rata-rata: 2.65 Ha, Produksi rata-rata: 16.52 Ton, Jumlah petani: ±31 KK'),
(2614, 73, 'Produksi Menengah', 'Luas TBM rata-rata: 17.85 Ha, Luas TM rata-rata: 18.26 Ha, Luas TTM rata-rata: 2.65 Ha, Produksi rata-rata: 16.52 Ton, Jumlah petani: ±31 KK'),
(2615, 74, 'Produksi Menengah', 'Luas TBM rata-rata: 17.85 Ha, Luas TM rata-rata: 18.26 Ha, Luas TTM rata-rata: 2.65 Ha, Produksi rata-rata: 16.52 Ton, Jumlah petani: ±31 KK'),
(2616, 75, 'Produksi Menengah', 'Luas TBM rata-rata: 17.85 Ha, Luas TM rata-rata: 18.26 Ha, Luas TTM rata-rata: 2.65 Ha, Produksi rata-rata: 16.52 Ton, Jumlah petani: ±31 KK'),
(2617, 76, 'Produksi Menengah', 'Luas TBM rata-rata: 17.85 Ha, Luas TM rata-rata: 18.26 Ha, Luas TTM rata-rata: 2.65 Ha, Produksi rata-rata: 16.52 Ton, Jumlah petani: ±31 KK'),
(2618, 77, 'Produksi Menengah', 'Luas TBM rata-rata: 17.85 Ha, Luas TM rata-rata: 18.26 Ha, Luas TTM rata-rata: 2.65 Ha, Produksi rata-rata: 16.52 Ton, Jumlah petani: ±31 KK'),
(2619, 78, 'Produksi Menengah', 'Luas TBM rata-rata: 17.85 Ha, Luas TM rata-rata: 18.26 Ha, Luas TTM rata-rata: 2.65 Ha, Produksi rata-rata: 16.52 Ton, Jumlah petani: ±31 KK'),
(2620, 79, 'Produksi Menengah', 'Luas TBM rata-rata: 17.85 Ha, Luas TM rata-rata: 18.26 Ha, Luas TTM rata-rata: 2.65 Ha, Produksi rata-rata: 16.52 Ton, Jumlah petani: ±31 KK'),
(2621, 80, 'Produksi Menengah', 'Luas TBM rata-rata: 17.85 Ha, Luas TM rata-rata: 18.26 Ha, Luas TTM rata-rata: 2.65 Ha, Produksi rata-rata: 16.52 Ton, Jumlah petani: ±31 KK'),
(2622, 81, 'Produksi Menengah', 'Luas TBM rata-rata: 17.85 Ha, Luas TM rata-rata: 18.26 Ha, Luas TTM rata-rata: 2.65 Ha, Produksi rata-rata: 16.52 Ton, Jumlah petani: ±31 KK'),
(2623, 82, 'Produksi Menengah', 'Luas TBM rata-rata: 17.85 Ha, Luas TM rata-rata: 18.26 Ha, Luas TTM rata-rata: 2.65 Ha, Produksi rata-rata: 16.52 Ton, Jumlah petani: ±31 KK'),
(2624, 83, 'Produksi Menengah', 'Luas TBM rata-rata: 17.85 Ha, Luas TM rata-rata: 18.26 Ha, Luas TTM rata-rata: 2.65 Ha, Produksi rata-rata: 16.52 Ton, Jumlah petani: ±31 KK'),
(2625, 84, 'Produksi Menengah', 'Luas TBM rata-rata: 17.85 Ha, Luas TM rata-rata: 18.26 Ha, Luas TTM rata-rata: 2.65 Ha, Produksi rata-rata: 16.52 Ton, Jumlah petani: ±31 KK'),
(2626, 85, 'Produksi Menengah', 'Luas TBM rata-rata: 17.85 Ha, Luas TM rata-rata: 18.26 Ha, Luas TTM rata-rata: 2.65 Ha, Produksi rata-rata: 16.52 Ton, Jumlah petani: ±31 KK'),
(2627, 86, 'Produksi Menengah', 'Luas TBM rata-rata: 17.85 Ha, Luas TM rata-rata: 18.26 Ha, Luas TTM rata-rata: 2.65 Ha, Produksi rata-rata: 16.52 Ton, Jumlah petani: ±31 KK'),
(2628, 87, 'Produksi Menengah', 'Luas TBM rata-rata: 17.85 Ha, Luas TM rata-rata: 18.26 Ha, Luas TTM rata-rata: 2.65 Ha, Produksi rata-rata: 16.52 Ton, Jumlah petani: ±31 KK'),
(2629, 88, 'Produksi Menengah', 'Luas TBM rata-rata: 17.85 Ha, Luas TM rata-rata: 18.26 Ha, Luas TTM rata-rata: 2.65 Ha, Produksi rata-rata: 16.52 Ton, Jumlah petani: ±31 KK'),
(2630, 89, 'Produksi Menengah', 'Luas TBM rata-rata: 17.85 Ha, Luas TM rata-rata: 18.26 Ha, Luas TTM rata-rata: 2.65 Ha, Produksi rata-rata: 16.52 Ton, Jumlah petani: ±31 KK'),
(2631, 90, 'Produksi Menengah', 'Luas TBM rata-rata: 17.85 Ha, Luas TM rata-rata: 18.26 Ha, Luas TTM rata-rata: 2.65 Ha, Produksi rata-rata: 16.52 Ton, Jumlah petani: ±31 KK'),
(2632, 91, 'Produksi Menengah', 'Luas TBM rata-rata: 17.85 Ha, Luas TM rata-rata: 18.26 Ha, Luas TTM rata-rata: 2.65 Ha, Produksi rata-rata: 16.52 Ton, Jumlah petani: ±31 KK'),
(2633, 92, 'Produksi Menengah', 'Luas TBM rata-rata: 17.85 Ha, Luas TM rata-rata: 18.26 Ha, Luas TTM rata-rata: 2.65 Ha, Produksi rata-rata: 16.52 Ton, Jumlah petani: ±31 KK'),
(2634, 93, 'Produksi Menengah', 'Luas TBM rata-rata: 17.85 Ha, Luas TM rata-rata: 18.26 Ha, Luas TTM rata-rata: 2.65 Ha, Produksi rata-rata: 16.52 Ton, Jumlah petani: ±31 KK'),
(2635, 94, 'Produksi Menengah', 'Luas TBM rata-rata: 17.85 Ha, Luas TM rata-rata: 18.26 Ha, Luas TTM rata-rata: 2.65 Ha, Produksi rata-rata: 16.52 Ton, Jumlah petani: ±31 KK'),
(2636, 95, 'Produksi Menengah', 'Luas TBM rata-rata: 17.85 Ha, Luas TM rata-rata: 18.26 Ha, Luas TTM rata-rata: 2.65 Ha, Produksi rata-rata: 16.52 Ton, Jumlah petani: ±31 KK'),
(2637, 96, 'Produksi Menengah', 'Luas TBM rata-rata: 17.85 Ha, Luas TM rata-rata: 18.26 Ha, Luas TTM rata-rata: 2.65 Ha, Produksi rata-rata: 16.52 Ton, Jumlah petani: ±31 KK'),
(2638, 97, 'Produksi Menengah', 'Luas TBM rata-rata: 17.85 Ha, Luas TM rata-rata: 18.26 Ha, Luas TTM rata-rata: 2.65 Ha, Produksi rata-rata: 16.52 Ton, Jumlah petani: ±31 KK'),
(2639, 98, 'Produksi Menengah', 'Luas TBM rata-rata: 17.85 Ha, Luas TM rata-rata: 18.26 Ha, Luas TTM rata-rata: 2.65 Ha, Produksi rata-rata: 16.52 Ton, Jumlah petani: ±31 KK'),
(2640, 99, 'Produksi Menengah', 'Luas TBM rata-rata: 17.85 Ha, Luas TM rata-rata: 18.26 Ha, Luas TTM rata-rata: 2.65 Ha, Produksi rata-rata: 16.52 Ton, Jumlah petani: ±31 KK'),
(2641, 100, 'Produksi Menengah', 'Luas TBM rata-rata: 17.85 Ha, Luas TM rata-rata: 18.26 Ha, Luas TTM rata-rata: 2.65 Ha, Produksi rata-rata: 16.52 Ton, Jumlah petani: ±31 KK'),
(2642, 101, 'Produksi Menengah', 'Luas TBM rata-rata: 17.85 Ha, Luas TM rata-rata: 18.26 Ha, Luas TTM rata-rata: 2.65 Ha, Produksi rata-rata: 16.52 Ton, Jumlah petani: ±31 KK'),
(2643, 102, 'Produksi Menengah', 'Luas TBM rata-rata: 17.85 Ha, Luas TM rata-rata: 18.26 Ha, Luas TTM rata-rata: 2.65 Ha, Produksi rata-rata: 16.52 Ton, Jumlah petani: ±31 KK'),
(2644, 103, 'Produksi Menengah', 'Luas TBM rata-rata: 17.85 Ha, Luas TM rata-rata: 18.26 Ha, Luas TTM rata-rata: 2.65 Ha, Produksi rata-rata: 16.52 Ton, Jumlah petani: ±31 KK'),
(2645, 104, 'Produksi Menengah', 'Luas TBM rata-rata: 17.85 Ha, Luas TM rata-rata: 18.26 Ha, Luas TTM rata-rata: 2.65 Ha, Produksi rata-rata: 16.52 Ton, Jumlah petani: ±31 KK'),
(2646, 105, 'Cluster 6', 'Produksi rata-rata: 34.60 Ton'),
(2647, 106, 'Cluster 6', 'Produksi rata-rata: 34.60 Ton'),
(2648, 107, 'Cluster 6', 'Produksi rata-rata: 34.60 Ton'),
(2649, 108, 'Cluster 6', 'Produksi rata-rata: 34.60 Ton'),
(2650, 109, 'Cluster 6', 'Produksi rata-rata: 34.60 Ton'),
(2651, 110, 'Cluster 6', 'Produksi rata-rata: 34.60 Ton'),
(2652, 111, 'Cluster 6', 'Produksi rata-rata: 34.60 Ton'),
(2653, 112, 'Cluster 6', 'Produksi rata-rata: 34.60 Ton'),
(2654, 113, 'Cluster 6', 'Produksi rata-rata: 34.60 Ton'),
(2655, 114, 'Cluster 6', 'Produksi rata-rata: 34.60 Ton'),
(2656, 115, 'Cluster 6', 'Produksi rata-rata: 34.60 Ton'),
(2657, 116, 'Cluster 6', 'Produksi rata-rata: 34.60 Ton'),
(2658, 117, 'Cluster 6', 'Produksi rata-rata: 34.60 Ton'),
(2659, 118, 'Cluster 6', 'Produksi rata-rata: 34.60 Ton'),
(2660, 119, 'Cluster 6', 'Produksi rata-rata: 34.60 Ton'),
(2661, 120, 'Cluster 6', 'Produksi rata-rata: 34.60 Ton'),
(2662, 121, 'Cluster 6', 'Produksi rata-rata: 34.60 Ton'),
(2663, 122, 'Cluster 6', 'Produksi rata-rata: 34.60 Ton'),
(2664, 123, 'Cluster 6', 'Produksi rata-rata: 34.60 Ton'),
(2665, 124, 'Cluster 6', 'Produksi rata-rata: 34.60 Ton'),
(2666, 125, 'Cluster 6', 'Produksi rata-rata: 34.60 Ton'),
(2667, 126, 'Cluster 1', 'Produksi rata-rata: 28.31 Ton'),
(2668, 127, 'Cluster 1', 'Produksi rata-rata: 28.31 Ton'),
(2669, 128, 'Cluster 1', 'Produksi rata-rata: 28.31 Ton'),
(2670, 129, 'Cluster 1', 'Produksi rata-rata: 28.31 Ton'),
(2671, 130, 'Cluster 1', 'Produksi rata-rata: 28.31 Ton'),
(2672, 131, 'Cluster 1', 'Produksi rata-rata: 28.31 Ton'),
(2673, 132, 'Cluster 1', 'Produksi rata-rata: 28.31 Ton'),
(2674, 133, 'Cluster 1', 'Produksi rata-rata: 28.31 Ton'),
(2675, 134, 'Cluster 1', 'Produksi rata-rata: 28.31 Ton'),
(2676, 135, 'Cluster 1', 'Produksi rata-rata: 28.31 Ton'),
(2677, 136, 'Cluster 1', 'Produksi rata-rata: 28.31 Ton'),
(2678, 137, 'Cluster 1', 'Produksi rata-rata: 28.31 Ton'),
(2679, 138, 'Cluster 1', 'Produksi rata-rata: 28.31 Ton'),
(2680, 139, 'Cluster 1', 'Produksi rata-rata: 28.31 Ton'),
(2681, 140, 'Cluster 1', 'Produksi rata-rata: 28.31 Ton'),
(2682, 141, 'Cluster 1', 'Produksi rata-rata: 28.31 Ton'),
(2683, 142, 'Cluster 1', 'Produksi rata-rata: 28.31 Ton'),
(2684, 143, 'Cluster 1', 'Produksi rata-rata: 28.31 Ton'),
(2685, 144, 'Cluster 1', 'Produksi rata-rata: 28.31 Ton'),
(2686, 145, 'Cluster 1', 'Produksi rata-rata: 28.31 Ton'),
(2687, 146, 'Cluster 1', 'Produksi rata-rata: 28.31 Ton'),
(2688, 147, 'Cluster 1', 'Produksi rata-rata: 28.31 Ton'),
(2689, 148, 'Cluster 1', 'Produksi rata-rata: 28.31 Ton'),
(2690, 149, 'Cluster 1', 'Produksi rata-rata: 28.31 Ton'),
(2691, 150, 'Cluster 1', 'Produksi rata-rata: 28.31 Ton'),
(2692, 151, 'Cluster 1', 'Produksi rata-rata: 28.31 Ton'),
(2693, 152, 'Cluster 1', 'Produksi rata-rata: 28.31 Ton'),
(2694, 153, 'Cluster 1', 'Produksi rata-rata: 28.31 Ton'),
(2695, 154, 'Cluster 1', 'Produksi rata-rata: 28.31 Ton'),
(2696, 155, 'Cluster 1', 'Produksi rata-rata: 28.31 Ton'),
(2697, 156, 'Cluster 1', 'Produksi rata-rata: 28.31 Ton'),
(2698, 157, 'Cluster 1', 'Produksi rata-rata: 28.31 Ton'),
(2699, 158, 'Cluster 1', 'Produksi rata-rata: 28.31 Ton'),
(2700, 159, 'Cluster 1', 'Produksi rata-rata: 28.31 Ton'),
(2701, 160, 'Cluster 1', 'Produksi rata-rata: 28.31 Ton'),
(2702, 161, 'Cluster 1', 'Produksi rata-rata: 28.31 Ton'),
(2703, 162, 'Cluster 1', 'Produksi rata-rata: 28.31 Ton'),
(2704, 163, 'Cluster 1', 'Produksi rata-rata: 28.31 Ton'),
(2705, 164, 'Cluster 1', 'Produksi rata-rata: 28.31 Ton'),
(2706, 165, 'Cluster 1', 'Produksi rata-rata: 28.31 Ton'),
(2707, 166, 'Cluster 1', 'Produksi rata-rata: 28.31 Ton'),
(2708, 167, 'Cluster 1', 'Produksi rata-rata: 28.31 Ton'),
(2709, 168, 'Produksi Tinggi', 'Luas TBM rata-rata: 18.48 Ha, Luas TM rata-rata: 22.69 Ha, Luas TTM rata-rata: 1.96 Ha, Produksi rata-rata: 20.39 Ton, Jumlah petani: ±59 KK'),
(2710, 169, 'Produksi Tinggi', 'Luas TBM rata-rata: 18.48 Ha, Luas TM rata-rata: 22.69 Ha, Luas TTM rata-rata: 1.96 Ha, Produksi rata-rata: 20.39 Ton, Jumlah petani: ±59 KK'),
(2711, 170, 'Produksi Tinggi', 'Luas TBM rata-rata: 18.48 Ha, Luas TM rata-rata: 22.69 Ha, Luas TTM rata-rata: 1.96 Ha, Produksi rata-rata: 20.39 Ton, Jumlah petani: ±59 KK'),
(2712, 171, 'Produksi Tinggi', 'Luas TBM rata-rata: 18.48 Ha, Luas TM rata-rata: 22.69 Ha, Luas TTM rata-rata: 1.96 Ha, Produksi rata-rata: 20.39 Ton, Jumlah petani: ±59 KK'),
(2713, 172, 'Produksi Tinggi', 'Luas TBM rata-rata: 18.48 Ha, Luas TM rata-rata: 22.69 Ha, Luas TTM rata-rata: 1.96 Ha, Produksi rata-rata: 20.39 Ton, Jumlah petani: ±59 KK'),
(2714, 173, 'Produksi Tinggi', 'Luas TBM rata-rata: 18.48 Ha, Luas TM rata-rata: 22.69 Ha, Luas TTM rata-rata: 1.96 Ha, Produksi rata-rata: 20.39 Ton, Jumlah petani: ±59 KK'),
(2715, 174, 'Produksi Tinggi', 'Luas TBM rata-rata: 18.48 Ha, Luas TM rata-rata: 22.69 Ha, Luas TTM rata-rata: 1.96 Ha, Produksi rata-rata: 20.39 Ton, Jumlah petani: ±59 KK'),
(2716, 175, 'Produksi Tinggi', 'Luas TBM rata-rata: 18.48 Ha, Luas TM rata-rata: 22.69 Ha, Luas TTM rata-rata: 1.96 Ha, Produksi rata-rata: 20.39 Ton, Jumlah petani: ±59 KK'),
(2717, 176, 'Produksi Tinggi', 'Luas TBM rata-rata: 18.48 Ha, Luas TM rata-rata: 22.69 Ha, Luas TTM rata-rata: 1.96 Ha, Produksi rata-rata: 20.39 Ton, Jumlah petani: ±59 KK'),
(2718, 177, 'Cluster 1', 'Produksi rata-rata: 28.31 Ton'),
(2719, 178, 'Produksi Tinggi', 'Luas TBM rata-rata: 18.48 Ha, Luas TM rata-rata: 22.69 Ha, Luas TTM rata-rata: 1.96 Ha, Produksi rata-rata: 20.39 Ton, Jumlah petani: ±59 KK'),
(2720, 179, 'Produksi Tinggi', 'Luas TBM rata-rata: 18.48 Ha, Luas TM rata-rata: 22.69 Ha, Luas TTM rata-rata: 1.96 Ha, Produksi rata-rata: 20.39 Ton, Jumlah petani: ±59 KK'),
(2721, 180, 'Produksi Tinggi', 'Luas TBM rata-rata: 18.48 Ha, Luas TM rata-rata: 22.69 Ha, Luas TTM rata-rata: 1.96 Ha, Produksi rata-rata: 20.39 Ton, Jumlah petani: ±59 KK'),
(2722, 181, 'Produksi Tinggi', 'Luas TBM rata-rata: 18.48 Ha, Luas TM rata-rata: 22.69 Ha, Luas TTM rata-rata: 1.96 Ha, Produksi rata-rata: 20.39 Ton, Jumlah petani: ±59 KK'),
(2723, 182, 'Produksi Tinggi', 'Luas TBM rata-rata: 18.48 Ha, Luas TM rata-rata: 22.69 Ha, Luas TTM rata-rata: 1.96 Ha, Produksi rata-rata: 20.39 Ton, Jumlah petani: ±59 KK'),
(2724, 183, 'Cluster 1', 'Produksi rata-rata: 28.31 Ton'),
(2725, 184, 'Produksi Tinggi', 'Luas TBM rata-rata: 18.48 Ha, Luas TM rata-rata: 22.69 Ha, Luas TTM rata-rata: 1.96 Ha, Produksi rata-rata: 20.39 Ton, Jumlah petani: ±59 KK'),
(2726, 185, 'Produksi Tinggi', 'Luas TBM rata-rata: 18.48 Ha, Luas TM rata-rata: 22.69 Ha, Luas TTM rata-rata: 1.96 Ha, Produksi rata-rata: 20.39 Ton, Jumlah petani: ±59 KK'),
(2727, 186, 'Produksi Tinggi', 'Luas TBM rata-rata: 18.48 Ha, Luas TM rata-rata: 22.69 Ha, Luas TTM rata-rata: 1.96 Ha, Produksi rata-rata: 20.39 Ton, Jumlah petani: ±59 KK'),
(2728, 187, 'Produksi Tinggi', 'Luas TBM rata-rata: 18.48 Ha, Luas TM rata-rata: 22.69 Ha, Luas TTM rata-rata: 1.96 Ha, Produksi rata-rata: 20.39 Ton, Jumlah petani: ±59 KK'),
(2729, 188, 'Produksi Tinggi', 'Luas TBM rata-rata: 18.48 Ha, Luas TM rata-rata: 22.69 Ha, Luas TTM rata-rata: 1.96 Ha, Produksi rata-rata: 20.39 Ton, Jumlah petani: ±59 KK'),
(2730, 189, 'Produksi Tinggi', 'Luas TBM rata-rata: 18.48 Ha, Luas TM rata-rata: 22.69 Ha, Luas TTM rata-rata: 1.96 Ha, Produksi rata-rata: 20.39 Ton, Jumlah petani: ±59 KK'),
(2731, 190, 'Produksi Tinggi', 'Luas TBM rata-rata: 18.48 Ha, Luas TM rata-rata: 22.69 Ha, Luas TTM rata-rata: 1.96 Ha, Produksi rata-rata: 20.39 Ton, Jumlah petani: ±59 KK'),
(2732, 191, 'Produksi Tinggi', 'Luas TBM rata-rata: 18.48 Ha, Luas TM rata-rata: 22.69 Ha, Luas TTM rata-rata: 1.96 Ha, Produksi rata-rata: 20.39 Ton, Jumlah petani: ±59 KK'),
(2733, 192, 'Produksi Tinggi', 'Luas TBM rata-rata: 18.48 Ha, Luas TM rata-rata: 22.69 Ha, Luas TTM rata-rata: 1.96 Ha, Produksi rata-rata: 20.39 Ton, Jumlah petani: ±59 KK'),
(2734, 193, 'Cluster 1', 'Produksi rata-rata: 28.31 Ton'),
(2735, 194, 'Produksi Tinggi', 'Luas TBM rata-rata: 18.48 Ha, Luas TM rata-rata: 22.69 Ha, Luas TTM rata-rata: 1.96 Ha, Produksi rata-rata: 20.39 Ton, Jumlah petani: ±59 KK'),
(2736, 195, 'Produksi Tinggi', 'Luas TBM rata-rata: 18.48 Ha, Luas TM rata-rata: 22.69 Ha, Luas TTM rata-rata: 1.96 Ha, Produksi rata-rata: 20.39 Ton, Jumlah petani: ±59 KK'),
(2737, 196, 'Produksi Tinggi', 'Luas TBM rata-rata: 18.48 Ha, Luas TM rata-rata: 22.69 Ha, Luas TTM rata-rata: 1.96 Ha, Produksi rata-rata: 20.39 Ton, Jumlah petani: ±59 KK'),
(2738, 197, 'Produksi Tinggi', 'Luas TBM rata-rata: 18.48 Ha, Luas TM rata-rata: 22.69 Ha, Luas TTM rata-rata: 1.96 Ha, Produksi rata-rata: 20.39 Ton, Jumlah petani: ±59 KK'),
(2739, 198, 'Produksi Tinggi', 'Luas TBM rata-rata: 18.48 Ha, Luas TM rata-rata: 22.69 Ha, Luas TTM rata-rata: 1.96 Ha, Produksi rata-rata: 20.39 Ton, Jumlah petani: ±59 KK'),
(2740, 199, 'Produksi Tinggi', 'Luas TBM rata-rata: 18.48 Ha, Luas TM rata-rata: 22.69 Ha, Luas TTM rata-rata: 1.96 Ha, Produksi rata-rata: 20.39 Ton, Jumlah petani: ±59 KK'),
(2741, 200, 'Produksi Tinggi', 'Luas TBM rata-rata: 18.48 Ha, Luas TM rata-rata: 22.69 Ha, Luas TTM rata-rata: 1.96 Ha, Produksi rata-rata: 20.39 Ton, Jumlah petani: ±59 KK'),
(2742, 201, 'Cluster 1', 'Produksi rata-rata: 28.31 Ton'),
(2743, 202, 'Cluster 1', 'Produksi rata-rata: 28.31 Ton'),
(2744, 203, 'Cluster 1', 'Produksi rata-rata: 28.31 Ton'),
(2745, 204, 'Cluster 1', 'Produksi rata-rata: 28.31 Ton'),
(2746, 205, 'Cluster 1', 'Produksi rata-rata: 28.31 Ton'),
(2747, 206, 'Cluster 1', 'Produksi rata-rata: 28.31 Ton'),
(2748, 207, 'Cluster 1', 'Produksi rata-rata: 28.31 Ton'),
(2749, 208, 'Cluster 1', 'Produksi rata-rata: 28.31 Ton'),
(2750, 209, 'Cluster 1', 'Produksi rata-rata: 28.31 Ton'),
(2751, 210, 'Cluster 1', 'Produksi rata-rata: 28.31 Ton'),
(2752, 211, 'Cluster 1', 'Produksi rata-rata: 28.31 Ton'),
(2753, 212, 'Cluster 1', 'Produksi rata-rata: 28.31 Ton'),
(2754, 213, 'Cluster 1', 'Produksi rata-rata: 28.31 Ton'),
(2755, 214, 'Cluster 1', 'Produksi rata-rata: 28.31 Ton'),
(2756, 215, 'Cluster 1', 'Produksi rata-rata: 28.31 Ton'),
(2757, 216, 'Cluster 1', 'Produksi rata-rata: 28.31 Ton'),
(2758, 217, 'Cluster 1', 'Produksi rata-rata: 28.31 Ton'),
(2759, 218, 'Cluster 1', 'Produksi rata-rata: 28.31 Ton'),
(2760, 219, 'Cluster 1', 'Produksi rata-rata: 28.31 Ton'),
(2761, 220, 'Cluster 1', 'Produksi rata-rata: 28.31 Ton'),
(2762, 221, 'Cluster 1', 'Produksi rata-rata: 28.31 Ton'),
(2763, 222, 'Cluster 1', 'Produksi rata-rata: 28.31 Ton'),
(2764, 223, 'Cluster 1', 'Produksi rata-rata: 28.31 Ton'),
(2765, 224, 'Cluster 4', 'Produksi rata-rata: 31.05 Ton'),
(2766, 225, 'Cluster 4', 'Produksi rata-rata: 31.05 Ton'),
(2767, 226, 'Cluster 4', 'Produksi rata-rata: 31.05 Ton'),
(2768, 227, 'Cluster 1', 'Produksi rata-rata: 28.31 Ton'),
(2769, 228, 'Cluster 4', 'Produksi rata-rata: 31.05 Ton'),
(2770, 229, 'Cluster 4', 'Produksi rata-rata: 31.05 Ton'),
(2771, 230, 'Cluster 4', 'Produksi rata-rata: 31.05 Ton'),
(2772, 231, 'Cluster 4', 'Produksi rata-rata: 31.05 Ton'),
(2773, 232, 'Cluster 4', 'Produksi rata-rata: 31.05 Ton'),
(2774, 233, 'Cluster 4', 'Produksi rata-rata: 31.05 Ton'),
(2775, 234, 'Cluster 4', 'Produksi rata-rata: 31.05 Ton'),
(2776, 235, 'Cluster 4', 'Produksi rata-rata: 31.05 Ton'),
(2777, 236, 'Cluster 4', 'Produksi rata-rata: 31.05 Ton'),
(2778, 237, 'Cluster 4', 'Produksi rata-rata: 31.05 Ton'),
(2779, 238, 'Cluster 4', 'Produksi rata-rata: 31.05 Ton'),
(2780, 239, 'Cluster 4', 'Produksi rata-rata: 31.05 Ton'),
(2781, 240, 'Cluster 4', 'Produksi rata-rata: 31.05 Ton'),
(2782, 241, 'Cluster 4', 'Produksi rata-rata: 31.05 Ton'),
(2783, 242, 'Produksi Tinggi', 'Luas TBM rata-rata: 18.48 Ha, Luas TM rata-rata: 22.69 Ha, Luas TTM rata-rata: 1.96 Ha, Produksi rata-rata: 20.39 Ton, Jumlah petani: ±59 KK'),
(2784, 243, 'Produksi Tinggi', 'Luas TBM rata-rata: 18.48 Ha, Luas TM rata-rata: 22.69 Ha, Luas TTM rata-rata: 1.96 Ha, Produksi rata-rata: 20.39 Ton, Jumlah petani: ±59 KK'),
(2785, 244, 'Produksi Tinggi', 'Luas TBM rata-rata: 18.48 Ha, Luas TM rata-rata: 22.69 Ha, Luas TTM rata-rata: 1.96 Ha, Produksi rata-rata: 20.39 Ton, Jumlah petani: ±59 KK'),
(2786, 245, 'Produksi Tinggi', 'Luas TBM rata-rata: 18.48 Ha, Luas TM rata-rata: 22.69 Ha, Luas TTM rata-rata: 1.96 Ha, Produksi rata-rata: 20.39 Ton, Jumlah petani: ±59 KK'),
(2787, 246, 'Produksi Tinggi', 'Luas TBM rata-rata: 18.48 Ha, Luas TM rata-rata: 22.69 Ha, Luas TTM rata-rata: 1.96 Ha, Produksi rata-rata: 20.39 Ton, Jumlah petani: ±59 KK'),
(2788, 247, 'Produksi Tinggi', 'Luas TBM rata-rata: 18.48 Ha, Luas TM rata-rata: 22.69 Ha, Luas TTM rata-rata: 1.96 Ha, Produksi rata-rata: 20.39 Ton, Jumlah petani: ±59 KK'),
(2789, 248, 'Produksi Tinggi', 'Luas TBM rata-rata: 18.48 Ha, Luas TM rata-rata: 22.69 Ha, Luas TTM rata-rata: 1.96 Ha, Produksi rata-rata: 20.39 Ton, Jumlah petani: ±59 KK'),
(2790, 249, 'Produksi Tinggi', 'Luas TBM rata-rata: 18.48 Ha, Luas TM rata-rata: 22.69 Ha, Luas TTM rata-rata: 1.96 Ha, Produksi rata-rata: 20.39 Ton, Jumlah petani: ±59 KK'),
(2791, 250, 'Produksi Tinggi', 'Luas TBM rata-rata: 18.48 Ha, Luas TM rata-rata: 22.69 Ha, Luas TTM rata-rata: 1.96 Ha, Produksi rata-rata: 20.39 Ton, Jumlah petani: ±59 KK'),
(2792, 251, 'Cluster 6', 'Produksi rata-rata: 34.60 Ton'),
(2793, 252, 'Produksi Tinggi', 'Luas TBM rata-rata: 18.48 Ha, Luas TM rata-rata: 22.69 Ha, Luas TTM rata-rata: 1.96 Ha, Produksi rata-rata: 20.39 Ton, Jumlah petani: ±59 KK'),
(2794, 253, 'Cluster 6', 'Produksi rata-rata: 34.60 Ton'),
(2795, 254, 'Produksi Tinggi', 'Luas TBM rata-rata: 18.48 Ha, Luas TM rata-rata: 22.69 Ha, Luas TTM rata-rata: 1.96 Ha, Produksi rata-rata: 20.39 Ton, Jumlah petani: ±59 KK'),
(2796, 255, 'Produksi Tinggi', 'Luas TBM rata-rata: 18.48 Ha, Luas TM rata-rata: 22.69 Ha, Luas TTM rata-rata: 1.96 Ha, Produksi rata-rata: 20.39 Ton, Jumlah petani: ±59 KK'),
(2797, 256, 'Produksi Tinggi', 'Luas TBM rata-rata: 18.48 Ha, Luas TM rata-rata: 22.69 Ha, Luas TTM rata-rata: 1.96 Ha, Produksi rata-rata: 20.39 Ton, Jumlah petani: ±59 KK'),
(2798, 257, 'Produksi Tinggi', 'Luas TBM rata-rata: 18.48 Ha, Luas TM rata-rata: 22.69 Ha, Luas TTM rata-rata: 1.96 Ha, Produksi rata-rata: 20.39 Ton, Jumlah petani: ±59 KK'),
(2799, 258, 'Produksi Tinggi', 'Luas TBM rata-rata: 18.48 Ha, Luas TM rata-rata: 22.69 Ha, Luas TTM rata-rata: 1.96 Ha, Produksi rata-rata: 20.39 Ton, Jumlah petani: ±59 KK'),
(2800, 259, 'Produksi Tinggi', 'Luas TBM rata-rata: 18.48 Ha, Luas TM rata-rata: 22.69 Ha, Luas TTM rata-rata: 1.96 Ha, Produksi rata-rata: 20.39 Ton, Jumlah petani: ±59 KK'),
(2801, 260, 'Produksi Tinggi', 'Luas TBM rata-rata: 18.48 Ha, Luas TM rata-rata: 22.69 Ha, Luas TTM rata-rata: 1.96 Ha, Produksi rata-rata: 20.39 Ton, Jumlah petani: ±59 KK'),
(2802, 261, 'Produksi Tinggi', 'Luas TBM rata-rata: 18.48 Ha, Luas TM rata-rata: 22.69 Ha, Luas TTM rata-rata: 1.96 Ha, Produksi rata-rata: 20.39 Ton, Jumlah petani: ±59 KK'),
(2803, 262, 'Produksi Tinggi', 'Luas TBM rata-rata: 18.48 Ha, Luas TM rata-rata: 22.69 Ha, Luas TTM rata-rata: 1.96 Ha, Produksi rata-rata: 20.39 Ton, Jumlah petani: ±59 KK'),
(2804, 263, 'Produksi Tinggi', 'Luas TBM rata-rata: 18.48 Ha, Luas TM rata-rata: 22.69 Ha, Luas TTM rata-rata: 1.96 Ha, Produksi rata-rata: 20.39 Ton, Jumlah petani: ±59 KK'),
(2805, 264, 'Cluster 6', 'Produksi rata-rata: 34.60 Ton'),
(2806, 265, 'Produksi Tinggi', 'Luas TBM rata-rata: 18.48 Ha, Luas TM rata-rata: 22.69 Ha, Luas TTM rata-rata: 1.96 Ha, Produksi rata-rata: 20.39 Ton, Jumlah petani: ±59 KK'),
(2807, 266, 'Produksi Tinggi', 'Luas TBM rata-rata: 18.48 Ha, Luas TM rata-rata: 22.69 Ha, Luas TTM rata-rata: 1.96 Ha, Produksi rata-rata: 20.39 Ton, Jumlah petani: ±59 KK'),
(2808, 267, 'Produksi Tinggi', 'Luas TBM rata-rata: 18.48 Ha, Luas TM rata-rata: 22.69 Ha, Luas TTM rata-rata: 1.96 Ha, Produksi rata-rata: 20.39 Ton, Jumlah petani: ±59 KK'),
(2809, 268, 'Produksi Tinggi', 'Luas TBM rata-rata: 18.48 Ha, Luas TM rata-rata: 22.69 Ha, Luas TTM rata-rata: 1.96 Ha, Produksi rata-rata: 20.39 Ton, Jumlah petani: ±59 KK'),
(2810, 269, 'Cluster 1', 'Produksi rata-rata: 28.31 Ton'),
(2811, 270, 'Cluster 1', 'Produksi rata-rata: 28.31 Ton'),
(2812, 271, 'Cluster 1', 'Produksi rata-rata: 28.31 Ton'),
(2813, 272, 'Cluster 1', 'Produksi rata-rata: 28.31 Ton'),
(2814, 273, 'Cluster 1', 'Produksi rata-rata: 28.31 Ton'),
(2815, 274, 'Cluster 1', 'Produksi rata-rata: 28.31 Ton'),
(2816, 275, 'Cluster 1', 'Produksi rata-rata: 28.31 Ton'),
(2817, 276, 'Cluster 1', 'Produksi rata-rata: 28.31 Ton'),
(2818, 277, 'Cluster 1', 'Produksi rata-rata: 28.31 Ton'),
(2819, 278, 'Cluster 1', 'Produksi rata-rata: 28.31 Ton'),
(2820, 279, 'Cluster 1', 'Produksi rata-rata: 28.31 Ton'),
(2821, 280, 'Cluster 1', 'Produksi rata-rata: 28.31 Ton'),
(2822, 281, 'Cluster 1', 'Produksi rata-rata: 28.31 Ton'),
(2823, 282, 'Cluster 1', 'Produksi rata-rata: 28.31 Ton'),
(2824, 283, 'Cluster 1', 'Produksi rata-rata: 28.31 Ton'),
(2825, 284, 'Cluster 1', 'Produksi rata-rata: 28.31 Ton'),
(2826, 285, 'Cluster 1', 'Produksi rata-rata: 28.31 Ton'),
(2827, 286, 'Cluster 1', 'Produksi rata-rata: 28.31 Ton'),
(2828, 287, 'Cluster 1', 'Produksi rata-rata: 28.31 Ton'),
(2829, 288, 'Cluster 1', 'Produksi rata-rata: 28.31 Ton'),
(2830, 289, 'Cluster 1', 'Produksi rata-rata: 28.31 Ton'),
(2831, 290, 'Cluster 1', 'Produksi rata-rata: 28.31 Ton'),
(2832, 291, 'Cluster 1', 'Produksi rata-rata: 28.31 Ton'),
(2833, 292, 'Cluster 1', 'Produksi rata-rata: 28.31 Ton'),
(2834, 293, 'Produksi Rendah', 'Luas TBM rata-rata: 27.11 Ha, Luas TM rata-rata: 39.06 Ha, Luas TTM rata-rata: 6.94 Ha, Produksi rata-rata: 3.67 Ton, Jumlah petani: ±111 KK'),
(2835, 294, 'Produksi Rendah', 'Luas TBM rata-rata: 27.11 Ha, Luas TM rata-rata: 39.06 Ha, Luas TTM rata-rata: 6.94 Ha, Produksi rata-rata: 3.67 Ton, Jumlah petani: ±111 KK'),
(2836, 295, 'Produksi Rendah', 'Luas TBM rata-rata: 27.11 Ha, Luas TM rata-rata: 39.06 Ha, Luas TTM rata-rata: 6.94 Ha, Produksi rata-rata: 3.67 Ton, Jumlah petani: ±111 KK'),
(2837, 296, 'Produksi Rendah', 'Luas TBM rata-rata: 27.11 Ha, Luas TM rata-rata: 39.06 Ha, Luas TTM rata-rata: 6.94 Ha, Produksi rata-rata: 3.67 Ton, Jumlah petani: ±111 KK'),
(2838, 297, 'Produksi Rendah', 'Luas TBM rata-rata: 27.11 Ha, Luas TM rata-rata: 39.06 Ha, Luas TTM rata-rata: 6.94 Ha, Produksi rata-rata: 3.67 Ton, Jumlah petani: ±111 KK'),
(2839, 298, 'Produksi Rendah', 'Luas TBM rata-rata: 27.11 Ha, Luas TM rata-rata: 39.06 Ha, Luas TTM rata-rata: 6.94 Ha, Produksi rata-rata: 3.67 Ton, Jumlah petani: ±111 KK'),
(2840, 299, 'Produksi Rendah', 'Luas TBM rata-rata: 27.11 Ha, Luas TM rata-rata: 39.06 Ha, Luas TTM rata-rata: 6.94 Ha, Produksi rata-rata: 3.67 Ton, Jumlah petani: ±111 KK'),
(2841, 300, 'Produksi Rendah', 'Luas TBM rata-rata: 27.11 Ha, Luas TM rata-rata: 39.06 Ha, Luas TTM rata-rata: 6.94 Ha, Produksi rata-rata: 3.67 Ton, Jumlah petani: ±111 KK'),
(2842, 301, 'Produksi Rendah', 'Luas TBM rata-rata: 27.11 Ha, Luas TM rata-rata: 39.06 Ha, Luas TTM rata-rata: 6.94 Ha, Produksi rata-rata: 3.67 Ton, Jumlah petani: ±111 KK'),
(2843, 302, 'Produksi Rendah', 'Luas TBM rata-rata: 27.11 Ha, Luas TM rata-rata: 39.06 Ha, Luas TTM rata-rata: 6.94 Ha, Produksi rata-rata: 3.67 Ton, Jumlah petani: ±111 KK'),
(2844, 303, 'Produksi Rendah', 'Luas TBM rata-rata: 27.11 Ha, Luas TM rata-rata: 39.06 Ha, Luas TTM rata-rata: 6.94 Ha, Produksi rata-rata: 3.67 Ton, Jumlah petani: ±111 KK'),
(2845, 304, 'Produksi Rendah', 'Luas TBM rata-rata: 27.11 Ha, Luas TM rata-rata: 39.06 Ha, Luas TTM rata-rata: 6.94 Ha, Produksi rata-rata: 3.67 Ton, Jumlah petani: ±111 KK'),
(2846, 305, 'Produksi Rendah', 'Luas TBM rata-rata: 27.11 Ha, Luas TM rata-rata: 39.06 Ha, Luas TTM rata-rata: 6.94 Ha, Produksi rata-rata: 3.67 Ton, Jumlah petani: ±111 KK'),
(2847, 306, 'Produksi Rendah', 'Luas TBM rata-rata: 27.11 Ha, Luas TM rata-rata: 39.06 Ha, Luas TTM rata-rata: 6.94 Ha, Produksi rata-rata: 3.67 Ton, Jumlah petani: ±111 KK'),
(2848, 307, 'Produksi Rendah', 'Luas TBM rata-rata: 27.11 Ha, Luas TM rata-rata: 39.06 Ha, Luas TTM rata-rata: 6.94 Ha, Produksi rata-rata: 3.67 Ton, Jumlah petani: ±111 KK'),
(2849, 308, 'Produksi Rendah', 'Luas TBM rata-rata: 27.11 Ha, Luas TM rata-rata: 39.06 Ha, Luas TTM rata-rata: 6.94 Ha, Produksi rata-rata: 3.67 Ton, Jumlah petani: ±111 KK'),
(2850, 309, 'Produksi Rendah', 'Luas TBM rata-rata: 27.11 Ha, Luas TM rata-rata: 39.06 Ha, Luas TTM rata-rata: 6.94 Ha, Produksi rata-rata: 3.67 Ton, Jumlah petani: ±111 KK'),
(2851, 310, 'Produksi Rendah', 'Luas TBM rata-rata: 27.11 Ha, Luas TM rata-rata: 39.06 Ha, Luas TTM rata-rata: 6.94 Ha, Produksi rata-rata: 3.67 Ton, Jumlah petani: ±111 KK'),
(2852, 311, 'Cluster 6', 'Produksi rata-rata: 34.60 Ton'),
(2853, 312, 'Cluster 6', 'Produksi rata-rata: 34.60 Ton'),
(2854, 313, 'Cluster 6', 'Produksi rata-rata: 34.60 Ton'),
(2855, 314, 'Cluster 6', 'Produksi rata-rata: 34.60 Ton'),
(2856, 315, 'Cluster 6', 'Produksi rata-rata: 34.60 Ton'),
(2857, 316, 'Cluster 6', 'Produksi rata-rata: 34.60 Ton'),
(2858, 317, 'Cluster 6', 'Produksi rata-rata: 34.60 Ton'),
(2859, 318, 'Cluster 6', 'Produksi rata-rata: 34.60 Ton'),
(2860, 319, 'Cluster 6', 'Produksi rata-rata: 34.60 Ton'),
(2861, 320, 'Cluster 6', 'Produksi rata-rata: 34.60 Ton'),
(2862, 321, 'Cluster 6', 'Produksi rata-rata: 34.60 Ton'),
(2863, 322, 'Cluster 6', 'Produksi rata-rata: 34.60 Ton'),
(2864, 323, 'Cluster 6', 'Produksi rata-rata: 34.60 Ton'),
(2865, 324, 'Cluster 6', 'Produksi rata-rata: 34.60 Ton'),
(2866, 325, 'Cluster 6', 'Produksi rata-rata: 34.60 Ton'),
(2867, 326, 'Cluster 6', 'Produksi rata-rata: 34.60 Ton'),
(2868, 327, 'Cluster 6', 'Produksi rata-rata: 34.60 Ton'),
(2869, 328, 'Cluster 6', 'Produksi rata-rata: 34.60 Ton'),
(2870, 329, 'Cluster 6', 'Produksi rata-rata: 34.60 Ton'),
(2871, 330, 'Cluster 6', 'Produksi rata-rata: 34.60 Ton'),
(2872, 331, 'Cluster 6', 'Produksi rata-rata: 34.60 Ton'),
(2873, 332, 'Cluster 6', 'Produksi rata-rata: 34.60 Ton'),
(2874, 333, 'Cluster 6', 'Produksi rata-rata: 34.60 Ton'),
(2875, 334, 'Cluster 6', 'Produksi rata-rata: 34.60 Ton'),
(2876, 335, 'Cluster 6', 'Produksi rata-rata: 34.60 Ton'),
(2877, 336, 'Cluster 6', 'Produksi rata-rata: 34.60 Ton'),
(2878, 337, 'Cluster 6', 'Produksi rata-rata: 34.60 Ton'),
(2879, 338, 'Cluster 6', 'Produksi rata-rata: 34.60 Ton'),
(2880, 339, 'Cluster 2', 'Produksi rata-rata: 30.76 Ton'),
(2881, 340, 'Cluster 2', 'Produksi rata-rata: 30.76 Ton'),
(2882, 341, 'Cluster 2', 'Produksi rata-rata: 30.76 Ton'),
(2883, 342, 'Cluster 2', 'Produksi rata-rata: 30.76 Ton'),
(2884, 343, 'Cluster 2', 'Produksi rata-rata: 30.76 Ton'),
(2885, 344, 'Cluster 2', 'Produksi rata-rata: 30.76 Ton'),
(2886, 345, 'Cluster 2', 'Produksi rata-rata: 30.76 Ton'),
(2887, 346, 'Cluster 2', 'Produksi rata-rata: 30.76 Ton'),
(2888, 347, 'Cluster 2', 'Produksi rata-rata: 30.76 Ton'),
(2889, 348, 'Cluster 2', 'Produksi rata-rata: 30.76 Ton'),
(2890, 349, 'Cluster 2', 'Produksi rata-rata: 30.76 Ton'),
(2891, 350, 'Cluster 2', 'Produksi rata-rata: 30.76 Ton'),
(2892, 351, 'Cluster 2', 'Produksi rata-rata: 30.76 Ton'),
(2893, 352, 'Cluster 2', 'Produksi rata-rata: 30.76 Ton'),
(2894, 353, 'Cluster 2', 'Produksi rata-rata: 30.76 Ton'),
(2895, 354, 'Cluster 2', 'Produksi rata-rata: 30.76 Ton'),
(2896, 355, 'Cluster 2', 'Produksi rata-rata: 30.76 Ton'),
(2897, 356, 'Cluster 2', 'Produksi rata-rata: 30.76 Ton'),
(2898, 357, 'Cluster 2', 'Produksi rata-rata: 30.76 Ton'),
(2899, 358, 'Cluster 2', 'Produksi rata-rata: 30.76 Ton'),
(2900, 359, 'Cluster 2', 'Produksi rata-rata: 30.76 Ton'),
(2901, 360, 'Cluster 2', 'Produksi rata-rata: 30.76 Ton'),
(2902, 361, 'Cluster 2', 'Produksi rata-rata: 30.76 Ton'),
(2903, 362, 'Cluster 2', 'Produksi rata-rata: 30.76 Ton'),
(2904, 363, 'Cluster 2', 'Produksi rata-rata: 30.76 Ton');

-- --------------------------------------------------------

--
-- Table structure for table `daftar_desa`
--

CREATE TABLE `daftar_desa` (
  `id_desa` int NOT NULL,
  `id_kecamatan` int NOT NULL,
  `nama_desa` varchar(100) COLLATE utf8mb3_swedish_ci NOT NULL
) ENGINE=InnoDB DEFAULT CHARSET=utf8mb3 COLLATE=utf8mb3_swedish_ci;

--
-- Dumping data for table `daftar_desa`
--

INSERT INTO `daftar_desa` (`id_desa`, `id_kecamatan`, `nama_desa`) VALUES
(1, 1, 'MUARA BARU'),
(2, 1, 'PASIR BANGUN'),
(3, 1, 'NGKERAN'),
(4, 1, 'LAWE KONGKIR'),
(5, 1, 'KUBU'),
(6, 1, 'KUTA CINGKAM II'),
(7, 1, 'KUTA CINGKAM I'),
(8, 1, 'LAWE SEMPILANG'),
(9, 1, 'KUTA BATU II'),
(10, 1, 'KUTA BATU I'),
(11, 1, 'PRAPAT BATU NUNGGUL'),
(12, 1, 'PULO SEPANG'),
(13, 1, 'PAYA MUNJE'),
(14, 1, 'DARUL AMIN'),
(15, 1, 'LAWE LUBANG INDAH'),
(16, 1, 'BATU HAMPARAN'),
(17, 1, 'RIH MBELANG'),
(18, 1, 'KUTE BATU BARU'),
(19, 1, 'RUMAH KAMPUNG'),
(20, 1, 'PASEKH PEKHMATE'),
(21, 1, 'PASIR NUNGGUL'),
(22, 1, 'LAWE KONGKIR HILIR'),
(23, 1, 'PULO NDADAP'),
(24, 1, 'PINTU KHIMBE'),
(25, 1, 'PULO GADUNG'),
(26, 1, 'CINGKAM MERANGGUN'),
(27, 1, 'PASIR NUNANG'),
(28, 1, 'DELENG KUKUSEN'),
(29, 2, 'PENGUHAPAN'),
(30, 2, 'SALIM PIPIT'),
(31, 2, 'LAWE SUMUR'),
(32, 2, 'UNING SIGUGUR'),
(33, 2, 'KUTA LANG LANG'),
(34, 2, 'LUMBAN SITIO TIO'),
(35, 2, 'MERANTI'),
(36, 2, 'PERDAMEAN'),
(37, 2, 'MUTIARA DAMAI'),
(38, 2, 'LUMBAN TUA'),
(39, 2, 'DOLOK NAULI'),
(40, 2, 'TUHI JONGKAT'),
(41, 2, 'TITI MAS'),
(42, 2, 'LAWE MALUN'),
(43, 2, 'ALUR BANING'),
(44, 2, 'SIGAI INDAH'),
(45, 2, 'SUMUR ALAS'),
(46, 2, 'TUAH MESADE'),
(47, 2, 'LINGGA ALAS'),
(48, 2, 'RAMBUNG TUBUNG'),
(49, 2, 'SPERINDING'),
(50, 2, 'TANAH SUBUR'),
(51, 2, 'PINGGAN MBLANG'),
(52, 2, 'UKIR DELENG'),
(53, 2, 'ALAS MESIKHAT'),
(54, 2, 'TITI HARAPAN'),
(55, 2, 'ALUR BARU'),
(56, 3, 'ALUR LANGSAT'),
(57, 3, 'LAWE TUNGKAL'),
(58, 3, 'RUMAH LUAR'),
(59, 3, 'RAMBAH SAYANG'),
(60, 3, 'JAMBUR DAMAR'),
(61, 3, 'TENEMBAK ALAS'),
(62, 3, 'SALIM PINIM'),
(63, 3, 'RUTUNG MBELANG'),
(64, 3, 'SETAMBUL JAYA'),
(65, 3, 'ALUR NANGKA'),
(66, 3, 'TIMANG RASA'),
(67, 3, 'JAMBUR PERMATA'),
(68, 3, 'KUTE MEJILE'),
(69, 3, 'SALIM PINIM II'),
(70, 4, 'LAWE LONING GAB'),
(71, 4, 'LAWE LONING AMAN'),
(72, 4, 'GABUNGAN PARSAORAN'),
(73, 4, 'KEDATARAN GAB'),
(74, 4, 'KUTA TENGAH'),
(75, 4, 'TANAH BARU'),
(76, 4, 'LAWE SIGALA TIMUR'),
(77, 4, 'LAWE SIGALA BARAT'),
(78, 4, 'SUKA DAMAI'),
(79, 4, 'LAWE SIGALA II'),
(80, 4, 'LAWE TUA GAB'),
(81, 4, 'BUKIT MERDEKA'),
(82, 4, 'LAWE KESUMPAT'),
(83, 4, 'DARUL AMAN'),
(84, 4, 'LAWE LONING SEPAKAT'),
(85, 4, 'GAYA JAYA'),
(86, 4, 'LAWE LONING I'),
(87, 4, 'LAWE RAKAT'),
(88, 4, 'SUKA MAJU'),
(89, 4, 'SUKA JAYA'),
(90, 4, 'LAWE SERKE'),
(91, 4, 'LAWE TUA PERSATUAN'),
(92, 4, 'LAWE TUA MAKMUR'),
(93, 4, 'BUKIT SEPAKAT'),
(94, 4, 'ENMYA BATU DUA RATUS'),
(95, 4, 'SEBUNGKE'),
(96, 4, 'LAWE LONING HAKHAPEN'),
(97, 4, 'NDAUH NI TENGGAU'),
(98, 4, 'KERTIMBANG'),
(99, 4, 'LAWE SIGALA BARAT JAYA'),
(100, 4, 'LAWE PEKHIDINAN'),
(101, 4, 'GELAH MUSARA'),
(102, 4, 'MULIE DAME'),
(103, 4, 'KARYA INDAH'),
(104, 4, 'KAYU MBELIN'),
(105, 5, 'MUARA SITULEN'),
(106, 5, 'PARDAMEAN'),
(107, 5, 'SEJAHTERA'),
(108, 5, 'KAMPUNG BHAKTI'),
(109, 5, 'LAWE PERBUNGA'),
(110, 5, 'CINTA DAMAI'),
(111, 5, 'PARDOMUAN II'),
(112, 5, 'LAWE DESKI SABAS'),
(113, 5, 'PARDOMUAN I'),
(114, 5, 'LAWE DESKI I'),
(115, 5, 'MUSARA SETIA'),
(116, 5, 'SEJAHTERA BARU'),
(117, 5, 'TANOH ALAS'),
(118, 5, 'CINTA MAKMUR'),
(119, 5, 'LAWE MANTIK'),
(120, 5, 'KUTE MAKMUR'),
(121, 5, 'LAWE DESKY TONGAH'),
(122, 5, 'LAWE TAWAKH'),
(123, 5, 'SABILUSSALAM'),
(124, 5, 'DESKI JAYA'),
(125, 5, 'PINTU ALAS'),
(126, 6, 'LAWE KINGA T TINGGI'),
(127, 6, 'LAWE BERINGIN HORAS'),
(128, 6, 'LAWE BERINGIN GAYO'),
(129, 6, 'SUKA MAKMUR'),
(130, 6, 'NGK ALUR BULUH'),
(131, 6, 'SIMPANG SEMADAM'),
(132, 6, 'SEMADAM AWAL'),
(133, 6, 'KEBUN SERE'),
(134, 6, 'SEMADAM ASAL'),
(135, 6, 'LAWE KINGA GAB'),
(136, 6, 'TITI PASIR'),
(137, 6, 'PASAR PUNTUNG'),
(138, 6, 'LAWE PETANDUK'),
(139, 6, 'SEPAKAT SEGENEP'),
(140, 6, 'KAMPUNG BARU'),
(141, 6, 'SELAMAT INDAH'),
(142, 6, 'LAWE MEJILE'),
(143, 6, 'LAWE KINGA LAPTER'),
(144, 6, 'LAWE PETANDUK I'),
(145, 7, 'NAGA TIMBUL'),
(146, 7, 'GUNUNG PAK-PAK'),
(147, 7, 'BUNBUN ALAS'),
(148, 7, 'TANJUNG SARI'),
(149, 7, 'BINTANG ALGA MUSARA'),
(150, 7, 'BUKIT BINTANG INDAH'),
(151, 7, 'SUKA DAMAI'),
(152, 7, 'SEPAKAT'),
(153, 7, 'PUNCE NALI'),
(154, 7, 'SADE ATE'),
(155, 7, 'ARIH MEJILAI'),
(156, 7, 'UKHAT PESELUK'),
(157, 7, 'TUNAS MUDE'),
(158, 7, 'GAYE SENDAH'),
(159, 7, 'KUTE HAKHAPEN'),
(160, 7, 'TUAH KERINE'),
(161, 7, 'LAWE SEKHAKUT'),
(162, 7, 'BUN BUN INDAH'),
(163, 7, 'LAUT TAWAR'),
(164, 7, 'KANE MENDE'),
(165, 7, 'KOMPAS'),
(166, 7, 'BUKIT MERIAH'),
(167, 7, 'PERMATA MUSARA'),
(168, 8, 'TUALANG SEMBILAR'),
(169, 8, 'TERUTUNG PAYUNG HILIR'),
(170, 8, 'TERUTUNG PAYUNG HULU'),
(171, 8, 'LIKAT'),
(172, 8, 'RIKIT'),
(173, 8, 'KUNING I'),
(174, 8, 'CINTA DAMAI'),
(175, 8, 'KUNING II'),
(176, 8, 'KUTA LANG LANG'),
(177, 8, 'PEDESI'),
(178, 8, 'BIAK MULI'),
(179, 8, 'TERUTUNG MEGARA ASLI'),
(180, 8, 'PINDING'),
(181, 8, 'LAWE HIJO'),
(182, 8, 'BAMBEL GABUNGAN'),
(183, 8, 'PULO KEDONDONG'),
(184, 8, 'PULO PERENGGE'),
(185, 8, 'KUTE ANTARA'),
(186, 8, 'TERUTUNG SEPERAI'),
(187, 8, 'LAWE KIHING'),
(188, 8, 'BAMBEL'),
(189, 8, 'KUTE SERI'),
(190, 8, 'KUTA BULUH'),
(191, 8, 'TUALANG SEMBILAR BARU'),
(192, 8, 'TERUTUNG PAYUNG GABUNGAN'),
(193, 8, 'BIAK MULI BARU'),
(194, 8, 'BIAK MULI PANTE RAJA'),
(195, 8, 'BIAK MULI SEJAHTERA'),
(196, 8, 'LAWE HIJO METUAH'),
(197, 8, 'LAWE HIJO AMPERA'),
(198, 8, 'LEMBAH HAJI'),
(199, 8, 'KUTA LANG LANG BARU'),
(200, 8, 'PANCAR IMAN'),
(201, 9, 'MAHA SINGKIL'),
(202, 9, 'TENEMBAK BINTANG'),
(203, 9, 'ALUR BULUH'),
(204, 9, 'TUALANG BARU'),
(205, 9, 'KUTA LENGAT PAGAN'),
(206, 9, 'KUTA LENGAT SELIAN'),
(207, 9, 'KUTA LINGGA'),
(208, 9, 'REMA'),
(209, 9, 'LAWE DUA GAB'),
(210, 9, 'KERUKUNAN'),
(211, 9, 'RIKIT BUR'),
(212, 9, 'AMALIAH'),
(213, 9, 'GUMPANG'),
(214, 9, 'PEJUANG'),
(215, 9, 'SEBUDI JAYA'),
(216, 9, 'BAMBEL BARU'),
(217, 9, 'DARUSSALAM'),
(218, 9, 'KUTE GEKHAT'),
(219, 9, 'MBAK SAKO'),
(220, 9, 'PAYE RAMBUNG'),
(221, 9, 'DARUL IMAMI'),
(222, 9, 'RIKIT BUR II'),
(223, 9, 'EMPAT LIMA'),
(224, 10, 'KUTA LESUNG'),
(225, 10, 'BERANDANG'),
(226, 10, 'LAWE SUMUR'),
(227, 10, 'TERUTUNG MEGARE LAWE PASARAN'),
(228, 10, 'KISAM GABUNGAN'),
(229, 10, 'PENOSAN'),
(230, 10, 'KISAM KUTE PASIR'),
(231, 10, 'BUAH PALA'),
(232, 10, 'KUTE BUNIN'),
(233, 10, 'LAWE SUMUR BARU'),
(234, 10, 'SETIA BARU'),
(235, 10, 'LAWE POLAK'),
(236, 10, 'LAWE SUMUR SEPAKAT'),
(237, 10, 'TERUTUNG MEGARA BARU'),
(238, 10, 'LAWE PASARAN TENGKU MBELIN'),
(239, 10, 'KISAM LESTARI'),
(240, 10, 'KISAM KUTA RAMBE'),
(241, 10, 'TIGER MIKO'),
(242, 11, 'KUTA RIH'),
(243, 11, 'KUTACANE LAMA'),
(244, 11, 'PERAPAT HILIR'),
(245, 11, 'PERAPAT HULU'),
(246, 11, 'PULO LATONG'),
(247, 11, 'KOTA KUTACANE'),
(248, 11, 'MUARA LAWE BULAN'),
(249, 11, 'MBARUNG'),
(250, 11, 'PULONAS'),
(251, 11, 'BATU BULAN I'),
(252, 11, 'BATU BULAN II'),
(253, 11, 'BATU BULAN ASLI'),
(254, 11, 'KAMPUNG RAJA'),
(255, 11, 'KAMPUNG MELAYU GABUNGAN'),
(256, 11, 'TERUTUNG PEDI'),
(257, 11, 'GUMPANG JAYA'),
(258, 11, 'BATUMBULAN BARU'),
(259, 11, 'UJUNG BARAT'),
(260, 11, 'PULO PEDING'),
(261, 11, 'MEDABE'),
(262, 11, 'PERAPAT SEPAKAT'),
(263, 11, 'PERAPAT TITI PANJANG'),
(264, 11, 'PULO SANGGAR'),
(265, 11, 'MBARUNG DATUK SAUDANE'),
(266, 11, 'BATU BULAN SEPAKAT'),
(267, 11, 'KAMPUNG MELAYU I'),
(268, 11, 'ALAS MERANCAR'),
(269, 12, 'PASIR PENJENGAKAN'),
(270, 12, 'KUTAMBARU'),
(271, 12, 'PASIR GALA'),
(272, 12, 'LAWE RUTUNG'),
(273, 12, 'KUTA BANTIL'),
(274, 12, 'LAWE KULOK'),
(275, 12, 'LAWE SAGU HULU'),
(276, 12, 'TENEMBAK JUHAR'),
(277, 12, 'LAWE SAGU HILIR'),
(278, 12, 'KP NANGKA GAB'),
(279, 12, 'TELAGA MEKAR'),
(280, 12, 'KUTE BULUH BOTONG'),
(281, 12, 'KUTE MBARU BENCAWAN'),
(282, 12, 'PULONAS BARU'),
(283, 12, 'SIMPANG EMPAT'),
(284, 12, 'KANDANG BELANG MANDIRI'),
(285, 12, 'MBACANG RACUN'),
(286, 12, 'LAWE KINGE'),
(287, 12, 'PERAPAT TIMUR'),
(288, 12, 'BAHAGIA'),
(289, 12, 'KUTA GALUH'),
(290, 12, 'KUTE GENTING'),
(291, 12, 'LAWE SAGU'),
(292, 12, 'KUTE PANGGUH'),
(293, 13, 'KAMPUNG BARU'),
(294, 13, 'PURWODADI'),
(295, 13, 'LAWE BEKUNG'),
(296, 13, 'SALANG ALAS'),
(297, 13, 'KUTA TINGGI'),
(298, 13, 'PERANGINAN'),
(299, 13, 'KUTA PASIR'),
(300, 13, 'NATAM'),
(301, 13, 'KUMBANG JAYA'),
(302, 13, 'KUMBANG INDAH'),
(303, 13, 'DELENG MEGAKHE'),
(304, 13, 'LAWE BEKUNG TEMPAHAN'),
(305, 13, 'BADAR INDAH'),
(306, 13, 'NATAM BARU'),
(307, 13, 'TANAH MERAH'),
(308, 13, 'BATU MBERONG'),
(309, 13, 'LAWE SEKERAH'),
(310, 13, 'TANOH MEGAKHE'),
(311, 14, 'GULO'),
(312, 14, 'LAWE STUL'),
(313, 14, 'KITE MERANGGUN'),
(314, 14, 'PULO PIKU'),
(315, 14, 'TERUTUNG KUTE'),
(316, 14, 'KUTA UJUNG'),
(317, 14, 'MAMAS'),
(318, 14, 'TANJUNG LAMA'),
(319, 14, 'TANJUNG MUDA'),
(320, 14, 'TANJUNG AMAN'),
(321, 14, 'RAMBUNG TELDAK'),
(322, 14, 'SERIMUDA'),
(323, 14, 'DARUL MAKMUR'),
(324, 14, 'KUTE RAMBE'),
(325, 14, 'UJUNG BARU'),
(326, 14, 'MAMAS BARU'),
(327, 14, 'RAMBUNG JAYA'),
(328, 14, 'MAKMUR JAYA'),
(329, 14, 'PULO GADUNG'),
(330, 14, 'ISTIQOMAH'),
(331, 14, 'KHOTAN JAYA'),
(332, 14, 'LAWE MAMAS INDAH'),
(333, 14, 'TANJUNG BARU'),
(334, 14, 'SIMPANG IV TANJUNG'),
(335, 14, 'TANJUNG LEUSER'),
(336, 14, 'LAWE PINIS'),
(337, 14, 'KUNING ABADI'),
(338, 14, 'BUNTUL KENDAWI'),
(339, 15, 'DELENG DAMAR'),
(340, 15, 'SIMPANG III JONGAR'),
(341, 15, 'PENYEBRANGAN CINGKAM'),
(342, 15, 'JONGAR'),
(343, 15, 'LAWE PENANGGALAN'),
(344, 15, 'JAMBUR LAK LAK'),
(345, 15, 'LAWE MENGKUDU'),
(346, 15, 'AUNAN SEPAKAT'),
(347, 15, 'KETAMBE'),
(348, 15, 'RUMAH BUNDAR'),
(349, 15, 'KAYU MENTANGUR'),
(350, 15, 'LAWE SEMBEKAN'),
(351, 15, 'LAWE GEKH GEKH'),
(352, 15, 'LAWE BERINGIN'),
(353, 15, 'BENER BERPAPAH'),
(354, 15, 'DATUK PINDING'),
(355, 15, 'PENUNGKUNEN'),
(356, 15, 'JATI SARA'),
(357, 15, 'LEUSER'),
(358, 15, 'BUKIT BARU'),
(359, 15, 'KATI MAJU'),
(360, 15, 'LAWE AUNAN'),
(361, 15, 'BINTANG BENER'),
(362, 15, 'SUKA RIMBUN'),
(363, 15, 'SIMPUR JAYA'),
(364, 16, 'BUNGA MELUR'),
(365, 16, 'TERUTUNG MBELANG'),
(366, 16, 'TENEMBAK LANG LANG'),
(367, 16, 'PENAMPAAN'),
(368, 16, 'TUALANG LAMA'),
(369, 16, 'LAWE PANGKAT'),
(370, 16, 'GUSUNG BATU'),
(371, 16, 'KAYA PANGUR'),
(372, 16, 'RANTO DIUR'),
(373, 16, 'LEMBAH ALAS'),
(374, 16, 'KAMPUNG SEPAKAT'),
(375, 16, 'SALANG SIGOTOM'),
(376, 16, 'SALANG BARU'),
(377, 16, 'SALANG MUARA'),
(378, 16, 'MUHAJIRIN'),
(379, 16, 'BERINGIN NARU'),
(380, 16, 'TANOH KHUKAHEN'),
(381, 16, 'TADING NIULIHI'),
(382, 16, 'PESELUK PESIMBE'),
(383, 16, 'KATI JEROH'),
(384, 16, 'KANE LOT'),
(385, 16, 'LAWE HAKHUM');

-- --------------------------------------------------------

--
-- Table structure for table `daftar_kecamatan`
--

CREATE TABLE `daftar_kecamatan` (
  `id` int NOT NULL,
  `nama_kecamatan` varchar(100) COLLATE utf8mb3_swedish_ci NOT NULL
) ENGINE=InnoDB DEFAULT CHARSET=utf8mb3 COLLATE=utf8mb3_swedish_ci;

--
-- Dumping data for table `daftar_kecamatan`
--

INSERT INTO `daftar_kecamatan` (`id`, `nama_kecamatan`) VALUES
(5, 'BABUL MAKMUR'),
(2, 'BABUL RAHMAH'),
(11, 'BABUSSALAM'),
(13, 'BADAR'),
(8, 'BAMBEL'),
(9, 'BUKIT TUSAM'),
(14, 'DARUL HASANAH'),
(16, 'DELENG POKHKISEN'),
(15, 'KETAMBE'),
(1, 'LAWE ALAS'),
(12, 'LAWE BULAN'),
(4, 'LAWE SIGALA-GALA'),
(10, 'LAWE SUMUR'),
(7, 'LEUSER'),
(6, 'SEMADAM'),
(3, 'TANOH ALAS');

-- --------------------------------------------------------

--
-- Table structure for table `data_perkebunan`
--

CREATE TABLE `data_perkebunan` (
  `id_perkebunan` int NOT NULL,
  `id_kecamatan` int NOT NULL,
  `id_desa` int NOT NULL,
  `luas_tbm` decimal(10,2) DEFAULT NULL,
  `luas_tm` decimal(10,2) DEFAULT NULL,
  `luas_ttm` decimal(10,2) DEFAULT NULL,
  `luas_jumlah` decimal(10,2) DEFAULT NULL,
  `produksi_ton` decimal(10,2) DEFAULT NULL,
  `produktivitas_kg_ha` decimal(10,2) DEFAULT NULL,
  `jumlah_petani_kk` int DEFAULT NULL
) ENGINE=InnoDB DEFAULT CHARSET=utf8mb3 COLLATE=utf8mb3_swedish_ci;

--
-- Dumping data for table `data_perkebunan`
--

INSERT INTO `data_perkebunan` (`id_perkebunan`, `id_kecamatan`, `id_desa`, `luas_tbm`, `luas_tm`, `luas_ttm`, `luas_jumlah`, `produksi_ton`, `produktivitas_kg_ha`, `jumlah_petani_kk`) VALUES
(1, 1, 1, '108.00', '34.00', '4.00', '146.00', '31.00', '905.00', 50),
(2, 1, 2, '100.00', '34.00', '2.00', '136.00', '31.00', '905.00', 49),
(3, 1, 3, '90.00', '35.00', '4.00', '129.00', '31.00', '905.00', 50),
(4, 1, 4, '80.00', '32.00', '3.00', '115.00', '31.00', '905.00', 55),
(5, 1, 5, '110.00', '30.00', '4.00', '144.00', '31.00', '905.00', 49),
(6, 1, 6, '150.00', '34.00', '3.00', '187.00', '31.00', '905.00', 49),
(7, 1, 7, '107.00', '25.00', '6.00', '138.00', '31.00', '905.00', 50),
(8, 1, 8, '108.00', '30.00', '4.00', '142.00', '31.00', '905.00', 49),
(9, 1, 9, '120.00', '38.00', '5.00', '163.00', '31.00', '905.00', 55),
(10, 1, 10, '130.00', '30.00', '6.00', '166.00', '31.00', '905.00', 49),
(11, 1, 11, '100.00', '35.00', '6.00', '141.00', '31.00', '905.00', 50),
(12, 1, 12, '150.00', '37.00', '4.00', '191.00', '31.00', '905.00', 49),
(13, 1, 13, '50.00', '34.00', '5.00', '89.00', '31.00', '905.00', 49),
(14, 1, 14, '108.00', '39.00', '5.00', '152.00', '31.00', '905.00', 50),
(15, 1, 15, '107.00', '35.00', '4.00', '146.00', '31.00', '905.00', 55),
(16, 1, 16, '130.00', '35.00', '3.00', '168.00', '31.00', '905.00', 49),
(17, 1, 17, '150.00', '36.00', '4.00', '190.00', '31.00', '905.00', 50),
(18, 1, 18, '70.00', '38.00', '5.00', '113.00', '31.00', '905.00', 49),
(19, 1, 19, '145.00', '36.00', '4.00', '185.00', '33.00', '905.00', 50),
(20, 1, 20, '160.00', '30.00', '6.00', '196.00', '31.00', '905.00', 48),
(21, 1, 21, '50.00', '35.00', '4.00', '89.00', '31.00', '905.00', 50),
(22, 1, 22, '80.00', '37.00', '4.00', '121.00', '31.00', '905.00', 48),
(23, 1, 23, '10.00', '38.00', '5.00', '53.00', '33.00', '905.00', 49),
(24, 1, 24, '90.00', '35.00', '4.00', '129.00', '31.00', '905.00', 50),
(25, 1, 25, '107.00', '34.00', '7.00', '148.00', '30.00', '905.00', 49),
(26, 1, 26, '125.00', '34.00', '4.00', '163.00', '31.00', '905.00', 49),
(27, 1, 27, '180.00', '34.00', '5.00', '219.00', '31.00', '905.00', 50),
(28, 1, 28, '85.00', '38.00', '4.00', '127.00', '31.00', '905.00', 49),
(29, 2, 29, '12.00', '20.00', '3.00', '35.00', '15.00', '905.00', 33),
(30, 2, 30, '12.00', '17.00', '4.00', '33.00', '15.00', '905.00', 34),
(31, 2, 31, '13.00', '17.00', '2.00', '32.00', '15.00', '905.00', 33),
(32, 2, 32, '15.00', '15.00', '3.00', '33.00', '15.00', '905.00', 33),
(33, 2, 33, '20.00', '12.00', '2.00', '34.00', '15.00', '905.00', 33),
(34, 2, 34, '16.00', '11.00', '3.00', '30.00', '15.00', '905.00', 33),
(35, 2, 35, '25.00', '18.00', '4.00', '47.00', '15.00', '905.00', 33),
(36, 2, 36, '20.00', '23.00', '3.00', '46.00', '20.00', '905.00', 35),
(37, 2, 37, '14.00', '15.00', '3.00', '32.00', '15.00', '905.00', 33),
(38, 2, 38, '15.00', '17.00', '2.00', '34.00', '15.00', '905.00', 33),
(39, 2, 39, '10.00', '20.00', '3.00', '33.00', '15.00', '905.00', 33),
(40, 2, 40, '12.00', '26.00', '3.00', '41.00', '15.00', '905.00', 35),
(41, 2, 41, '11.00', '17.00', '5.00', '33.00', '15.00', '905.00', 33),
(42, 2, 42, '13.00', '18.00', '3.00', '34.00', '15.00', '905.00', 33),
(43, 2, 43, '18.00', '15.00', '4.00', '37.00', '15.00', '905.00', 33),
(44, 2, 44, '23.00', '18.00', '3.00', '44.00', '15.00', '905.00', 33),
(45, 2, 45, '15.00', '19.00', '3.00', '37.00', '15.00', '905.00', 33),
(46, 2, 46, '10.00', '20.00', '3.00', '33.00', '20.00', '905.00', 33),
(47, 2, 47, '9.00', '27.00', '4.00', '40.00', '20.00', '905.00', 34),
(48, 2, 48, '5.00', '16.00', '3.00', '24.00', '15.00', '905.00', 33),
(49, 2, 49, '17.00', '14.00', '3.00', '34.00', '15.00', '905.00', 33),
(50, 2, 50, '8.00', '13.00', '2.00', '23.00', '15.00', '905.00', 33),
(51, 2, 51, '12.00', '12.00', '3.00', '27.00', '15.00', '905.00', 30),
(52, 2, 52, '5.00', '17.00', '3.00', '25.00', '15.00', '905.00', 33),
(53, 2, 53, '7.00', '18.00', '5.00', '30.00', '15.00', '905.00', 33),
(54, 2, 54, '4.00', '19.00', '2.00', '25.00', '19.00', '905.00', 35),
(55, 2, 55, '9.00', '20.00', '3.00', '32.00', '20.00', '905.00', 33),
(56, 3, 56, '8.00', '41.00', '4.00', '53.00', '37.00', '905.00', 56),
(57, 3, 57, '2.00', '41.00', '3.00', '46.00', '37.00', '905.00', 56),
(58, 3, 58, '9.00', '40.00', '5.00', '54.00', '37.00', '905.00', 55),
(59, 3, 59, '5.00', '41.00', '3.00', '49.00', '40.00', '905.00', 56),
(60, 3, 60, '10.00', '41.00', '4.00', '55.00', '37.00', '905.00', 55),
(61, 3, 61, '15.00', '41.00', '3.00', '59.00', '37.00', '905.00', 56),
(62, 3, 62, '0.00', '43.00', '4.00', '47.00', '37.00', '905.00', 58),
(63, 3, 63, '11.00', '45.00', '2.00', '58.00', '40.00', '905.00', 60),
(64, 3, 64, '8.00', '38.00', '3.00', '49.00', '37.00', '905.00', 56),
(65, 3, 65, '20.00', '42.00', '4.00', '66.00', '37.00', '905.00', 60),
(66, 3, 66, '20.00', '41.00', '3.00', '64.00', '37.00', '905.00', 58),
(67, 3, 67, '16.00', '43.00', '4.00', '63.00', '37.00', '905.00', 56),
(68, 3, 68, '10.00', '45.00', '3.00', '58.00', '40.00', '905.00', 57),
(69, 3, 69, '9.00', '40.00', '4.00', '53.00', '37.00', '905.00', 56),
(70, 4, 70, '0.00', '15.00', '4.00', '19.00', '17.00', '905.00', 30),
(71, 4, 71, '10.00', '18.00', '3.00', '31.00', '17.00', '905.00', 32),
(72, 4, 72, '20.00', '18.00', '3.00', '41.00', '17.00', '905.00', 31),
(73, 4, 73, '30.00', '17.00', '5.00', '52.00', '17.00', '905.00', 30),
(74, 4, 74, '15.00', '15.00', '2.00', '32.00', '17.00', '905.00', 28),
(75, 4, 75, '12.00', '18.00', '3.00', '33.00', '17.00', '905.00', 30),
(76, 4, 76, '23.00', '20.00', '2.00', '45.00', '20.00', '905.00', 34),
(77, 4, 77, '25.00', '25.00', '2.00', '52.00', '20.00', '905.00', 35),
(78, 4, 78, '22.00', '17.00', '3.00', '42.00', '17.00', '905.00', 30),
(79, 4, 79, '25.00', '16.00', '2.00', '43.00', '17.00', '905.00', 30),
(80, 4, 80, '30.00', '15.00', '4.00', '49.00', '16.00', '905.00', 30),
(81, 4, 81, '15.00', '19.00', '2.00', '36.00', '17.00', '905.00', 30),
(82, 4, 82, '30.00', '25.00', '2.00', '57.00', '20.00', '905.00', 38),
(83, 4, 83, '22.00', '18.00', '2.00', '42.00', '17.00', '905.00', 30),
(84, 4, 84, '25.00', '19.00', '2.00', '46.00', '17.00', '905.00', 30),
(85, 4, 85, '18.00', '20.00', '2.00', '40.00', '17.00', '905.00', 30),
(86, 4, 86, '16.00', '25.00', '1.00', '42.00', '17.00', '905.00', 35),
(87, 4, 87, '38.00', '20.00', '2.00', '60.00', '17.00', '905.00', 30),
(88, 4, 88, '15.00', '18.00', '2.00', '35.00', '17.00', '905.00', 38),
(89, 4, 89, '27.00', '17.00', '1.00', '45.00', '17.00', '905.00', 30),
(90, 4, 90, '15.00', '14.00', '2.00', '31.00', '17.00', '905.00', 30),
(91, 4, 91, '20.00', '16.00', '1.00', '37.00', '17.00', '905.00', 29),
(92, 4, 92, '23.00', '26.00', '3.00', '52.00', '17.00', '905.00', 30),
(93, 4, 93, '20.00', '25.00', '2.00', '47.00', '17.00', '905.00', 29),
(94, 4, 94, '19.00', '15.00', '3.00', '37.00', '17.00', '905.00', 30),
(95, 4, 95, '27.00', '18.00', '2.00', '47.00', '15.00', '905.00', 30),
(96, 4, 96, '29.00', '25.00', '2.00', '56.00', '17.00', '905.00', 31),
(97, 4, 97, '12.00', '20.00', '1.00', '33.00', '17.00', '905.00', 30),
(98, 4, 98, '35.00', '20.00', '2.00', '57.00', '17.00', '905.00', 30),
(99, 4, 99, '28.00', '16.00', '3.00', '47.00', '15.00', '905.00', 30),
(100, 4, 100, '23.00', '18.00', '2.00', '43.00', '15.00', '905.00', 30),
(101, 4, 101, '22.00', '20.00', '3.00', '45.00', '17.00', '905.00', 30),
(102, 4, 102, '26.00', '15.00', '2.00', '43.00', '17.00', '905.00', 30),
(103, 4, 103, '15.00', '19.00', '1.00', '35.00', '17.00', '905.00', 30),
(104, 4, 104, '25.00', '16.00', '2.00', '43.00', '15.00', '905.00', 30),
(105, 5, 105, '16.00', '40.00', '5.00', '61.00', '39.00', '905.00', 53),
(106, 5, 106, '16.00', '40.00', '5.00', '61.00', '35.00', '905.00', 53),
(107, 5, 107, '20.00', '43.00', '4.00', '67.00', '39.00', '905.00', 53),
(108, 5, 108, '13.00', '48.00', '6.00', '67.00', '39.00', '905.00', 60),
(109, 5, 109, '10.00', '45.00', '4.00', '59.00', '39.00', '905.00', 60),
(110, 5, 110, '18.00', '43.00', '6.00', '67.00', '39.00', '905.00', 53),
(111, 5, 111, '20.00', '47.00', '4.00', '71.00', '45.00', '905.00', 55),
(112, 5, 112, '15.00', '40.00', '6.00', '61.00', '39.00', '905.00', 53),
(113, 5, 113, '12.00', '43.00', '5.00', '60.00', '39.00', '905.00', 55),
(114, 5, 114, '13.00', '40.00', '6.00', '59.00', '39.00', '905.00', 53),
(115, 5, 115, '25.00', '43.00', '5.00', '73.00', '38.00', '905.00', 50),
(116, 5, 116, '10.00', '45.00', '4.00', '59.00', '39.00', '905.00', 53),
(117, 5, 117, '20.00', '45.00', '5.00', '70.00', '39.00', '905.00', 54),
(118, 5, 118, '23.00', '50.00', '4.00', '77.00', '45.00', '905.00', 53),
(119, 5, 119, '21.00', '45.00', '6.00', '72.00', '35.00', '905.00', 55),
(120, 5, 120, '11.00', '40.00', '5.00', '56.00', '38.00', '905.00', 50),
(121, 5, 121, '16.00', '41.00', '4.00', '61.00', '39.00', '905.00', 53),
(122, 5, 122, '12.00', '47.00', '6.00', '65.00', '45.00', '905.00', 50),
(123, 5, 123, '16.00', '45.00', '4.00', '65.00', '39.00', '905.00', 55),
(124, 5, 124, '17.00', '48.00', '5.00', '70.00', '45.00', '905.00', 56),
(125, 5, 125, '18.00', '42.00', '5.00', '65.00', '39.00', '905.00', 53),
(126, 6, 126, '20.00', '30.00', '3.00', '53.00', '27.00', '905.00', 55),
(127, 6, 127, '30.00', '30.00', '3.00', '63.00', '27.00', '905.00', 55),
(128, 6, 128, '35.00', '31.00', '3.00', '69.00', '27.00', '905.00', 55),
(129, 6, 129, '28.00', '30.00', '4.00', '62.00', '25.00', '905.00', 55),
(130, 6, 130, '25.00', '33.00', '3.00', '61.00', '30.00', '905.00', 57),
(131, 6, 131, '28.00', '30.00', '4.00', '62.00', '27.00', '905.00', 55),
(132, 6, 132, '26.00', '28.00', '3.00', '57.00', '27.00', '905.00', 56),
(133, 6, 133, '35.00', '30.00', '3.00', '68.00', '26.00', '905.00', 55),
(134, 6, 134, '30.00', '30.00', '4.00', '64.00', '27.00', '905.00', 56),
(135, 6, 135, '33.00', '35.00', '3.00', '71.00', '30.00', '905.00', 56),
(136, 6, 136, '28.00', '30.00', '4.00', '62.00', '27.00', '905.00', 55),
(137, 6, 137, '25.00', '27.00', '3.00', '55.00', '27.00', '905.00', 56),
(138, 6, 138, '45.00', '30.00', '4.00', '79.00', '27.00', '905.00', 55),
(139, 6, 139, '35.00', '30.00', '5.00', '70.00', '27.00', '905.00', 55),
(140, 6, 140, '26.00', '33.00', '4.00', '63.00', '27.00', '905.00', 56),
(141, 6, 141, '30.00', '30.00', '3.00', '63.00', '30.00', '905.00', 54),
(142, 6, 142, '31.00', '25.00', '2.00', '58.00', '24.00', '905.00', 55),
(143, 6, 143, '32.00', '30.00', '3.00', '65.00', '27.00', '905.00', 54),
(144, 6, 144, '33.00', '32.00', '3.00', '68.00', '30.00', '905.00', 55),
(145, 7, 145, '25.00', '32.00', '2.00', '59.00', '29.00', '905.00', 42),
(146, 7, 146, '25.00', '32.00', '2.00', '59.00', '29.00', '905.00', 40),
(147, 7, 147, '24.00', '32.00', '3.00', '59.00', '29.00', '905.00', 40),
(148, 7, 148, '30.00', '32.00', '0.00', '62.00', '29.00', '905.00', 42),
(149, 7, 149, '26.00', '34.00', '2.00', '62.00', '30.00', '905.00', 40),
(150, 7, 150, '23.00', '32.00', '3.00', '58.00', '29.00', '905.00', 42),
(151, 7, 151, '30.00', '32.00', '3.00', '65.00', '29.00', '905.00', 45),
(152, 7, 152, '19.00', '32.00', '2.00', '53.00', '29.00', '905.00', 42),
(153, 7, 153, '20.00', '35.00', '4.00', '59.00', '30.00', '905.00', 43),
(154, 7, 154, '26.00', '35.00', '2.00', '63.00', '29.00', '905.00', 42),
(155, 7, 155, '27.00', '32.00', '3.00', '62.00', '29.00', '905.00', 41),
(156, 7, 156, '24.00', '36.00', '2.00', '62.00', '29.00', '905.00', 45),
(157, 7, 157, '17.00', '30.00', '3.00', '50.00', '29.00', '905.00', 42),
(158, 7, 158, '12.00', '35.00', '2.00', '49.00', '30.00', '905.00', 43),
(159, 7, 159, '23.00', '32.00', '4.00', '59.00', '29.00', '905.00', 42),
(160, 7, 160, '27.00', '30.00', '2.00', '59.00', '29.00', '905.00', 43),
(161, 7, 161, '31.00', '32.00', '3.00', '66.00', '29.00', '905.00', 42),
(162, 7, 162, '25.00', '28.00', '2.00', '55.00', '28.00', '905.00', 40),
(163, 7, 163, '25.00', '28.00', '3.00', '56.00', '29.00', '905.00', 45),
(164, 7, 164, '26.00', '34.00', '2.00', '62.00', '29.00', '905.00', 40),
(165, 7, 165, '27.00', '30.00', '2.00', '59.00', '29.00', '905.00', 42),
(166, 7, 166, '29.00', '32.00', '2.00', '63.00', '29.00', '905.00', 45),
(167, 7, 167, '23.00', '32.00', '2.00', '57.00', '29.00', '905.00', 42),
(168, 8, 168, '10.00', '23.00', '1.00', '34.00', '21.00', '905.00', 51),
(169, 8, 169, '13.00', '25.00', '1.00', '39.00', '21.00', '905.00', 51),
(170, 8, 170, '13.00', '23.00', '0.00', '36.00', '20.00', '905.00', 51),
(171, 8, 171, '13.00', '24.00', '2.00', '39.00', '21.00', '905.00', 52),
(172, 8, 172, '13.00', '22.00', '0.00', '35.00', '20.00', '905.00', 51),
(173, 8, 173, '14.00', '23.00', '1.00', '38.00', '21.00', '905.00', 52),
(174, 8, 174, '18.00', '20.00', '1.00', '39.00', '20.00', '905.00', 51),
(175, 8, 175, '12.00', '26.00', '1.00', '39.00', '21.00', '905.00', 51),
(176, 8, 176, '11.00', '23.00', '0.00', '34.00', '21.00', '905.00', 52),
(177, 8, 177, '13.00', '25.00', '1.00', '39.00', '25.00', '905.00', 51),
(178, 8, 178, '13.00', '23.00', '1.00', '37.00', '21.00', '905.00', 51),
(179, 8, 179, '12.00', '20.00', '3.00', '35.00', '21.00', '905.00', 53),
(180, 8, 180, '15.00', '23.00', '1.00', '39.00', '20.00', '905.00', 51),
(181, 8, 181, '16.00', '23.00', '1.00', '40.00', '21.00', '905.00', 51),
(182, 8, 182, '11.00', '23.00', '2.00', '36.00', '21.00', '905.00', 53),
(183, 8, 183, '10.00', '26.00', '1.00', '37.00', '25.00', '905.00', 51),
(184, 8, 184, '15.00', '23.00', '2.00', '40.00', '21.00', '905.00', 53),
(185, 8, 185, '23.00', '26.00', '1.00', '50.00', '21.00', '905.00', 51),
(186, 8, 186, '21.00', '23.00', '2.00', '46.00', '20.00', '905.00', 52),
(187, 8, 187, '13.00', '28.00', '1.00', '42.00', '21.00', '905.00', 51),
(188, 8, 188, '19.00', '25.00', '2.00', '46.00', '21.00', '905.00', 53),
(189, 8, 189, '16.00', '23.00', '1.00', '40.00', '20.00', '905.00', 51),
(190, 8, 190, '16.00', '27.00', '2.00', '45.00', '21.00', '905.00', 51),
(191, 8, 191, '17.00', '18.00', '1.00', '36.00', '21.00', '905.00', 51),
(192, 8, 192, '10.00', '23.00', '2.00', '35.00', '21.00', '905.00', 53),
(193, 8, 193, '12.00', '25.00', '1.00', '38.00', '25.00', '905.00', 51),
(194, 8, 194, '11.00', '15.00', '2.00', '28.00', '21.00', '905.00', 52),
(195, 8, 195, '10.00', '20.00', '1.00', '31.00', '21.00', '905.00', 51),
(196, 8, 196, '12.00', '25.00', '3.00', '40.00', '20.00', '905.00', 51),
(197, 8, 197, '13.00', '26.00', '2.00', '41.00', '21.00', '905.00', 51),
(198, 8, 198, '15.00', '25.00', '1.00', '41.00', '20.00', '905.00', 51),
(199, 8, 199, '16.00', '23.00', '3.00', '42.00', '21.00', '905.00', 51),
(200, 8, 200, '13.00', '23.00', '1.00', '37.00', '21.00', '905.00', 51),
(201, 9, 201, '10.00', '31.00', '4.00', '45.00', '28.00', '905.00', 44),
(202, 9, 202, '16.00', '31.00', '4.00', '51.00', '28.00', '905.00', 45),
(203, 9, 203, '15.00', '33.00', '6.00', '54.00', '30.00', '905.00', 43),
(204, 9, 204, '23.00', '31.00', '5.00', '59.00', '28.00', '905.00', 44),
(205, 9, 205, '15.00', '30.00', '3.00', '48.00', '28.00', '905.00', 42),
(206, 9, 206, '15.00', '31.00', '5.00', '51.00', '28.00', '905.00', 45),
(207, 9, 207, '15.00', '37.00', '4.00', '56.00', '30.00', '905.00', 44),
(208, 9, 208, '16.00', '31.00', '5.00', '52.00', '28.00', '905.00', 45),
(209, 9, 209, '16.00', '35.00', '4.00', '55.00', '30.00', '905.00', 44),
(210, 9, 210, '17.00', '34.00', '5.00', '56.00', '28.00', '905.00', 45),
(211, 9, 211, '20.00', '31.00', '4.00', '55.00', '28.00', '905.00', 44),
(212, 9, 212, '12.00', '33.00', '6.00', '51.00', '30.00', '905.00', 45),
(213, 9, 213, '11.00', '31.00', '3.00', '45.00', '28.00', '905.00', 44),
(214, 9, 214, '12.00', '28.00', '5.00', '45.00', '28.00', '905.00', 45),
(215, 9, 215, '15.00', '29.00', '4.00', '48.00', '28.00', '905.00', 44),
(216, 9, 216, '20.00', '31.00', '5.00', '56.00', '30.00', '905.00', 45),
(217, 9, 217, '17.00', '34.00', '4.00', '55.00', '30.00', '905.00', 44),
(218, 9, 218, '16.00', '31.00', '6.00', '53.00', '28.00', '905.00', 45),
(219, 9, 219, '18.00', '31.00', '3.00', '52.00', '28.00', '905.00', 44),
(220, 9, 220, '12.00', '30.00', '4.00', '46.00', '28.00', '905.00', 45),
(221, 9, 221, '16.00', '30.00', '3.00', '49.00', '28.00', '905.00', 44),
(222, 9, 222, '18.00', '31.00', '4.00', '53.00', '28.00', '905.00', 43),
(223, 9, 223, '20.00', '31.00', '6.00', '57.00', '28.00', '905.00', 44),
(224, 10, 224, '20.00', '34.00', '4.00', '58.00', '31.00', '905.00', 48),
(225, 10, 225, '16.00', '36.00', '4.00', '56.00', '31.00', '905.00', 49),
(226, 10, 226, '25.00', '35.00', '4.00', '64.00', '31.00', '905.00', 50),
(227, 10, 227, '30.00', '37.00', '4.00', '71.00', '33.00', '905.00', 48),
(228, 10, 228, '30.00', '34.00', '5.00', '69.00', '31.00', '905.00', 47),
(229, 10, 229, '35.00', '38.00', '4.00', '77.00', '31.00', '905.00', 48),
(230, 10, 230, '28.00', '37.00', '3.00', '68.00', '31.00', '905.00', 49),
(231, 10, 231, '25.00', '34.00', '5.00', '64.00', '31.00', '905.00', 50),
(232, 10, 232, '26.00', '30.00', '4.00', '60.00', '31.00', '905.00', 50),
(233, 10, 233, '26.00', '34.00', '3.00', '63.00', '31.00', '905.00', 49),
(234, 10, 234, '32.00', '35.00', '4.00', '71.00', '31.00', '905.00', 48),
(235, 10, 235, '26.00', '36.00', '3.00', '65.00', '32.00', '905.00', 49),
(236, 10, 236, '26.00', '34.00', '5.00', '65.00', '31.00', '905.00', 50),
(237, 10, 237, '26.00', '33.00', '4.00', '63.00', '31.00', '905.00', 49),
(238, 10, 238, '30.00', '34.00', '3.00', '67.00', '31.00', '905.00', 48),
(239, 10, 239, '15.00', '30.00', '5.00', '50.00', '31.00', '905.00', 49),
(240, 10, 240, '13.00', '35.00', '4.00', '52.00', '31.00', '905.00', 48),
(241, 10, 241, '27.00', '34.00', '4.00', '65.00', '31.00', '905.00', 49),
(242, 11, 242, '25.00', '27.00', '2.00', '54.00', '20.00', '905.00', 70),
(243, 11, 243, '25.00', '20.00', '2.00', '47.00', '20.00', '905.00', 70),
(244, 11, 244, '25.00', '18.00', '3.00', '46.00', '19.00', '905.00', 70),
(245, 11, 245, '25.00', '22.00', '2.00', '49.00', '20.00', '905.00', 69),
(246, 11, 246, '20.00', '23.00', '4.00', '47.00', '20.00', '905.00', 68),
(247, 11, 247, '25.00', '24.00', '2.00', '51.00', '20.00', '905.00', 69),
(248, 11, 248, '27.00', '20.00', '2.00', '49.00', '20.00', '905.00', 70),
(249, 11, 249, '23.00', '24.00', '2.00', '49.00', '20.00', '905.00', 69),
(250, 11, 250, '26.00', '21.00', '3.00', '50.00', '20.00', '905.00', 69),
(251, 11, 251, '24.00', '27.00', '2.00', '53.00', '25.00', '905.00', 70),
(252, 11, 252, '15.00', '25.00', '4.00', '44.00', '20.00', '905.00', 70),
(253, 11, 253, '25.00', '27.00', '4.00', '56.00', '25.00', '905.00', 69),
(254, 11, 254, '20.00', '25.00', '2.00', '47.00', '20.00', '905.00', 70),
(255, 11, 255, '25.00', '20.00', '2.00', '47.00', '20.00', '905.00', 72),
(256, 11, 256, '23.00', '21.00', '3.00', '47.00', '20.00', '905.00', 70),
(257, 11, 257, '22.00', '25.00', '2.00', '49.00', '20.00', '905.00', 73),
(258, 11, 258, '27.00', '20.00', '5.00', '52.00', '20.00', '905.00', 70),
(259, 11, 259, '15.00', '18.00', '2.00', '35.00', '20.00', '905.00', 74),
(260, 11, 260, '27.00', '25.00', '2.00', '54.00', '20.00', '905.00', 70),
(261, 11, 261, '28.00', '20.00', '1.00', '49.00', '20.00', '905.00', 70),
(262, 11, 262, '25.00', '21.00', '5.00', '51.00', '20.00', '905.00', 70),
(263, 11, 263, '24.00', '26.00', '3.00', '53.00', '20.00', '905.00', 75),
(264, 11, 264, '27.00', '27.00', '2.00', '56.00', '25.00', '905.00', 70),
(265, 11, 265, '20.00', '24.00', '2.00', '46.00', '20.00', '905.00', 73),
(266, 11, 266, '25.00', '15.00', '3.00', '43.00', '20.00', '905.00', 70),
(267, 11, 267, '28.00', '20.00', '4.00', '52.00', '20.00', '905.00', 68),
(268, 11, 268, '29.00', '27.00', '2.00', '58.00', '20.00', '905.00', 70),
(269, 12, 269, '10.00', '31.00', '10.00', '51.00', '28.00', '905.00', 42),
(270, 12, 270, '21.00', '30.00', '10.00', '61.00', '28.00', '905.00', 42),
(271, 12, 271, '21.00', '37.00', '9.00', '67.00', '28.00', '905.00', 43),
(272, 12, 272, '22.00', '27.00', '12.00', '61.00', '28.00', '905.00', 44),
(273, 12, 273, '21.00', '28.00', '11.00', '60.00', '28.00', '905.00', 42),
(274, 12, 274, '23.00', '33.00', '10.00', '66.00', '28.00', '905.00', 44),
(275, 12, 275, '21.00', '32.00', '11.00', '64.00', '29.00', '905.00', 43),
(276, 12, 276, '25.00', '31.00', '9.00', '65.00', '28.00', '905.00', 42),
(277, 12, 277, '17.00', '30.00', '11.00', '58.00', '28.00', '905.00', 40),
(278, 12, 278, '15.00', '27.00', '10.00', '52.00', '28.00', '905.00', 43),
(279, 12, 279, '17.00', '26.00', '9.00', '52.00', '28.00', '905.00', 42),
(280, 12, 280, '18.00', '35.00', '10.00', '63.00', '30.00', '905.00', 44),
(281, 12, 281, '23.00', '31.00', '10.00', '64.00', '28.00', '905.00', 42),
(282, 12, 282, '24.00', '34.00', '11.00', '69.00', '30.00', '905.00', 43),
(283, 12, 283, '26.00', '31.00', '10.00', '67.00', '28.00', '905.00', 42),
(284, 12, 284, '27.00', '33.00', '12.00', '72.00', '30.00', '905.00', 40),
(285, 12, 285, '20.00', '35.00', '9.00', '64.00', '30.00', '905.00', 43),
(286, 12, 286, '13.00', '31.00', '10.00', '54.00', '28.00', '905.00', 42),
(287, 12, 287, '28.00', '28.00', '11.00', '67.00', '28.00', '905.00', 42),
(288, 12, 288, '22.00', '31.00', '10.00', '63.00', '28.00', '905.00', 43),
(289, 12, 289, '25.00', '38.00', '10.00', '73.00', '28.00', '905.00', 42),
(290, 12, 290, '30.00', '26.00', '11.00', '67.00', '28.00', '905.00', 42),
(291, 12, 291, '22.00', '36.00', '12.00', '70.00', '28.00', '905.00', 43),
(292, 12, 292, '28.00', '31.00', '10.00', '69.00', '28.00', '905.00', 42),
(293, 13, 293, '25.00', '39.00', '6.00', '70.00', '3.00', '905.00', 111),
(294, 13, 294, '25.00', '40.00', '8.00', '73.00', '5.00', '905.00', 114),
(295, 13, 295, '28.00', '38.00', '7.00', '73.00', '3.00', '905.00', 112),
(296, 13, 296, '27.00', '38.00', '6.00', '71.00', '4.00', '905.00', 111),
(297, 13, 297, '26.00', '39.00', '7.00', '72.00', '3.00', '905.00', 113),
(298, 13, 298, '23.00', '39.00', '6.00', '68.00', '3.00', '905.00', 115),
(299, 13, 299, '22.00', '40.00', '5.00', '67.00', '5.00', '905.00', 110),
(300, 13, 300, '27.00', '37.00', '6.00', '70.00', '3.00', '905.00', 111),
(301, 13, 301, '30.00', '38.00', '9.00', '77.00', '3.00', '905.00', 110),
(302, 13, 302, '30.00', '41.00', '6.00', '77.00', '4.00', '905.00', 111),
(303, 13, 303, '31.00', '39.00', '9.00', '79.00', '3.00', '905.00', 115),
(304, 13, 304, '25.00', '40.00', '8.00', '73.00', '4.00', '905.00', 110),
(305, 13, 305, '29.00', '38.00', '5.00', '72.00', '3.00', '905.00', 111),
(306, 13, 306, '27.00', '40.00', '8.00', '75.00', '5.00', '905.00', 110),
(307, 13, 307, '28.00', '39.00', '8.00', '75.00', '3.00', '905.00', 112),
(308, 13, 308, '30.00', '41.00', '6.00', '77.00', '5.00', '905.00', 111),
(309, 13, 309, '28.00', '38.00', '7.00', '73.00', '3.00', '905.00', 110),
(310, 13, 310, '27.00', '39.00', '8.00', '74.00', '4.00', '905.00', 111),
(311, 14, 311, '28.00', '33.00', '5.00', '66.00', '30.00', '905.00', 74),
(312, 14, 312, '28.00', '30.00', '3.00', '61.00', '30.00', '905.00', 74),
(313, 14, 313, '30.00', '35.00', '3.00', '68.00', '30.00', '905.00', 73),
(314, 14, 314, '29.00', '33.00', '3.00', '65.00', '30.00', '905.00', 74),
(315, 14, 315, '23.00', '32.00', '4.00', '59.00', '30.00', '905.00', 73),
(316, 14, 316, '29.00', '35.00', '3.00', '67.00', '33.00', '905.00', 74),
(317, 14, 317, '25.00', '33.00', '6.00', '64.00', '30.00', '905.00', 74),
(318, 14, 318, '28.00', '30.00', '3.00', '61.00', '30.00', '905.00', 73),
(319, 14, 319, '28.00', '32.00', '4.00', '64.00', '30.00', '905.00', 74),
(320, 14, 320, '29.00', '33.00', '3.00', '65.00', '30.00', '905.00', 74),
(321, 14, 321, '27.00', '36.00', '4.00', '67.00', '30.00', '905.00', 75),
(322, 14, 322, '29.00', '37.00', '3.00', '69.00', '35.00', '905.00', 74),
(323, 14, 323, '24.00', '33.00', '6.00', '63.00', '30.00', '905.00', 75),
(324, 14, 324, '30.00', '30.00', '4.00', '64.00', '30.00', '905.00', 75),
(325, 14, 325, '30.00', '34.00', '3.00', '67.00', '30.00', '905.00', 74),
(326, 14, 326, '29.00', '33.00', '4.00', '66.00', '30.00', '905.00', 75),
(327, 14, 327, '28.00', '35.00', '3.00', '66.00', '32.00', '905.00', 73),
(328, 14, 328, '29.00', '33.00', '4.00', '66.00', '30.00', '905.00', 74),
(329, 14, 329, '28.00', '32.00', '3.00', '63.00', '30.00', '905.00', 73),
(330, 14, 330, '34.00', '32.00', '3.00', '69.00', '30.00', '905.00', 74),
(331, 14, 331, '29.00', '33.00', '4.00', '66.00', '30.00', '905.00', 75),
(332, 14, 332, '30.00', '35.00', '3.00', '68.00', '30.00', '905.00', 74),
(333, 14, 333, '28.00', '38.00', '3.00', '69.00', '30.00', '905.00', 74),
(334, 14, 334, '29.00', '33.00', '4.00', '66.00', '30.00', '905.00', 75),
(335, 14, 335, '24.00', '37.00', '3.00', '64.00', '30.00', '905.00', 80),
(336, 14, 336, '29.00', '33.00', '4.00', '66.00', '30.00', '905.00', 74),
(337, 14, 337, '28.00', '33.00', '2.00', '63.00', '30.00', '905.00', 75),
(338, 14, 338, '30.00', '36.00', '3.00', '69.00', '30.00', '905.00', 74),
(339, 15, 339, '20.00', '34.00', '19.00', '73.00', '30.00', '905.00', 31),
(340, 15, 340, '21.00', '34.00', '20.00', '75.00', '30.00', '905.00', 31),
(341, 15, 341, '20.00', '35.00', '20.00', '75.00', '30.00', '905.00', 31),
(342, 15, 342, '15.00', '33.00', '14.00', '62.00', '25.00', '905.00', 35),
(343, 15, 343, '27.00', '34.00', '20.00', '81.00', '30.00', '905.00', 31),
(344, 15, 344, '28.00', '32.00', '23.00', '83.00', '30.00', '905.00', 31),
(345, 15, 345, '25.00', '30.00', '20.00', '75.00', '33.00', '905.00', 35),
(346, 15, 346, '30.00', '33.00', '20.00', '83.00', '30.00', '905.00', 31),
(347, 15, 347, '25.00', '34.00', '25.00', '84.00', '30.00', '905.00', 30),
(348, 15, 348, '29.00', '36.00', '20.00', '85.00', '33.00', '905.00', 31),
(349, 15, 349, '25.00', '34.00', '24.00', '83.00', '30.00', '905.00', 31),
(350, 15, 350, '23.00', '37.00', '20.00', '80.00', '30.00', '905.00', 35),
(351, 15, 351, '28.00', '34.00', '20.00', '82.00', '35.00', '905.00', 31),
(352, 15, 352, '26.00', '33.00', '19.00', '78.00', '30.00', '905.00', 30),
(353, 15, 353, '21.00', '35.00', '20.00', '76.00', '30.00', '905.00', 31),
(354, 15, 354, '22.00', '33.00', '22.00', '77.00', '29.00', '905.00', 35),
(355, 15, 355, '20.00', '32.00', '20.00', '72.00', '30.00', '905.00', 31),
(356, 15, 356, '26.00', '36.00', '23.00', '85.00', '35.00', '905.00', 35),
(357, 15, 357, '28.00', '33.00', '20.00', '81.00', '33.00', '905.00', 31),
(358, 15, 358, '25.00', '32.00', '20.00', '77.00', '30.00', '905.00', 31),
(359, 15, 359, '24.00', '34.00', '19.00', '77.00', '33.00', '905.00', 30),
(360, 15, 360, '23.00', '35.00', '20.00', '78.00', '30.00', '905.00', 31),
(361, 15, 361, '23.00', '36.00', '20.00', '79.00', '30.00', '905.00', 31),
(362, 15, 362, '21.00', '37.00', '22.00', '80.00', '30.00', '905.00', 30),
(363, 15, 363, '22.00', '34.00', '20.00', '76.00', '33.00', '905.00', 31);

-- --------------------------------------------------------

--
-- Table structure for table `gmm`
--

CREATE TABLE `gmm` (
  `id_clustering` int NOT NULL,
  `id_desa` int NOT NULL,
  `id_cluster` int NOT NULL,
  `probabilitas` float DEFAULT NULL,
  `mean_vector` text COLLATE utf8mb3_swedish_ci,
  `covariance_matrix` text COLLATE utf8mb3_swedish_ci,
  `iteration` int DEFAULT NULL,
  `converged` tinyint(1) DEFAULT NULL,
  `silhouette_score` float DEFAULT NULL,
  `davies_bouldin_index` float DEFAULT NULL
) ENGINE=InnoDB DEFAULT CHARSET=utf8mb3 COLLATE=utf8mb3_swedish_ci;

-- --------------------------------------------------------

--
-- Table structure for table `users`
--

CREATE TABLE `users` (
  `id_user` int NOT NULL,
  `username` varchar(50) COLLATE utf8mb3_swedish_ci NOT NULL,
  `password` varchar(255) COLLATE utf8mb3_swedish_ci NOT NULL,
  `name` varchar(100) COLLATE utf8mb3_swedish_ci NOT NULL,
  `level` enum('admin','user') COLLATE utf8mb3_swedish_ci NOT NULL
) ENGINE=InnoDB DEFAULT CHARSET=utf8mb3 COLLATE=utf8mb3_swedish_ci;

--
-- Dumping data for table `users`
--

INSERT INTO `users` (`id_user`, `username`, `password`, `name`, `level`) VALUES
(1, 'admin', 'admin', 'Administrator', 'admin');

--
-- Indexes for dumped tables
--

--
-- Indexes for table `cluster_perkebunan`
--
ALTER TABLE `cluster_perkebunan`
  ADD PRIMARY KEY (`id_cluster`),
  ADD KEY `id_desa` (`id_desa`);

--
-- Indexes for table `daftar_desa`
--
ALTER TABLE `daftar_desa`
  ADD PRIMARY KEY (`id_desa`),
  ADD KEY `id_kecamatan` (`id_kecamatan`);

--
-- Indexes for table `daftar_kecamatan`
--
ALTER TABLE `daftar_kecamatan`
  ADD PRIMARY KEY (`id`),
  ADD UNIQUE KEY `nama_kecamatan` (`nama_kecamatan`);

--
-- Indexes for table `data_perkebunan`
--
ALTER TABLE `data_perkebunan`
  ADD PRIMARY KEY (`id_perkebunan`),
  ADD KEY `id_kecamatan` (`id_kecamatan`),
  ADD KEY `id_desa` (`id_desa`);

--
-- Indexes for table `gmm`
--
ALTER TABLE `gmm`
  ADD PRIMARY KEY (`id_clustering`),
  ADD KEY `id_desa` (`id_desa`),
  ADD KEY `id_cluster` (`id_cluster`);

--
-- Indexes for table `users`
--
ALTER TABLE `users`
  ADD PRIMARY KEY (`id_user`),
  ADD UNIQUE KEY `username` (`username`);

--
-- AUTO_INCREMENT for dumped tables
--

--
-- AUTO_INCREMENT for table `cluster_perkebunan`
--
ALTER TABLE `cluster_perkebunan`
  MODIFY `id_cluster` int NOT NULL AUTO_INCREMENT, AUTO_INCREMENT=2905;

--
-- AUTO_INCREMENT for table `daftar_desa`
--
ALTER TABLE `daftar_desa`
  MODIFY `id_desa` int NOT NULL AUTO_INCREMENT, AUTO_INCREMENT=386;

--
-- AUTO_INCREMENT for table `daftar_kecamatan`
--
ALTER TABLE `daftar_kecamatan`
  MODIFY `id` int NOT NULL AUTO_INCREMENT, AUTO_INCREMENT=17;

--
-- AUTO_INCREMENT for table `data_perkebunan`
--
ALTER TABLE `data_perkebunan`
  MODIFY `id_perkebunan` int NOT NULL AUTO_INCREMENT, AUTO_INCREMENT=364;

--
-- AUTO_INCREMENT for table `gmm`
--
ALTER TABLE `gmm`
  MODIFY `id_clustering` int NOT NULL AUTO_INCREMENT, AUTO_INCREMENT=2179;

--
-- AUTO_INCREMENT for table `users`
--
ALTER TABLE `users`
  MODIFY `id_user` int NOT NULL AUTO_INCREMENT, AUTO_INCREMENT=2;

--
-- Constraints for dumped tables
--

--
-- Constraints for table `cluster_perkebunan`
--
ALTER TABLE `cluster_perkebunan`
  ADD CONSTRAINT `cluster_perkebunan_ibfk_1` FOREIGN KEY (`id_desa`) REFERENCES `daftar_desa` (`id_desa`);

--
-- Constraints for table `daftar_desa`
--
ALTER TABLE `daftar_desa`
  ADD CONSTRAINT `daftar_desa_ibfk_1` FOREIGN KEY (`id_kecamatan`) REFERENCES `daftar_kecamatan` (`id`);

--
-- Constraints for table `data_perkebunan`
--
ALTER TABLE `data_perkebunan`
  ADD CONSTRAINT `data_perkebunan_ibfk_1` FOREIGN KEY (`id_kecamatan`) REFERENCES `daftar_kecamatan` (`id`),
  ADD CONSTRAINT `data_perkebunan_ibfk_2` FOREIGN KEY (`id_desa`) REFERENCES `daftar_desa` (`id_desa`);

--
-- Constraints for table `gmm`
--
ALTER TABLE `gmm`
  ADD CONSTRAINT `gmm_ibfk_1` FOREIGN KEY (`id_desa`) REFERENCES `daftar_desa` (`id_desa`),
  ADD CONSTRAINT `gmm_ibfk_2` FOREIGN KEY (`id_cluster`) REFERENCES `cluster_perkebunan` (`id_cluster`);
COMMIT;

/*!40101 SET CHARACTER_SET_CLIENT=@OLD_CHARACTER_SET_CLIENT */;
/*!40101 SET CHARACTER_SET_RESULTS=@OLD_CHARACTER_SET_RESULTS */;
/*!40101 SET COLLATION_CONNECTION=@OLD_COLLATION_CONNECTION */;
